operation,workload,sample,iterations,total_us,us_per_op,status
parse,small,0,200,3344.9000000000001,16.724499999999999,ok
parse,small,1,200,3456.8000000000002,17.284000000000002,ok
parse,small,2,200,2090.8000000000002,10.454000000000001,ok
parse,small,3,200,1879.8,9.3989999999999991,ok
parse,small,4,200,1871.0999999999999,9.3554999999999993,ok
parse,small,5,200,1834.5999999999999,9.173,ok
parse,small,6,200,1820,9.0999999999999996,ok
parse,small,7,200,2024.9000000000001,10.124500000000001,ok
parse,small,8,200,1849.2,9.2460000000000004,ok
parse,small,9,200,1832.9000000000001,9.1645000000000003,ok
parse,small,10,200,1813.9000000000001,9.0694999999999997,ok
parse,small,11,200,1825.2,9.1259999999999994,ok
parse,small,12,200,1826.3,9.1314999999999991,ok
parse,small,13,200,1824.7,9.1234999999999999,ok
parse,small,14,200,1823.5999999999999,9.1180000000000003,ok
parse,small,15,200,2160.3000000000002,10.801500000000001,ok
parse,small,16,200,1839.5,9.1974999999999998,ok
parse,small,17,200,1776.5999999999999,8.8829999999999991,ok
parse,small,18,200,1788.0999999999999,8.9405000000000001,ok
parse,small,19,200,1842.8,9.2140000000000004,ok
parse,small,20,200,1785.0999999999999,8.9254999999999995,ok
parse,small,21,200,1783.8,8.9190000000000005,ok
parse,small,22,200,1775.2,8.8759999999999994,ok
parse,small,23,200,1786.7,8.9335000000000004,ok
parse,small,24,200,3104.3000000000002,15.521500000000001,ok
parse,small,25,200,3276.8000000000002,16.384,ok
parse,small,26,200,1779.8,8.8989999999999991,ok
parse,small,27,200,1786.5999999999999,8.9329999999999998,ok
parse,small,28,200,1792.7,8.9634999999999998,ok
parse,small,29,200,1787,8.9350000000000005,ok
write,small,0,200,405.10000000000002,2.0255000000000001,ok
write,small,1,200,416.30000000000001,2.0815000000000001,ok
write,small,2,200,531.70000000000005,2.6585000000000001,ok
write,small,3,200,425.69999999999999,2.1284999999999998,ok
write,small,4,200,412.60000000000002,2.0630000000000002,ok
write,small,5,200,401,2.0049999999999999,ok
write,small,6,200,391,1.9550000000000001,ok
write,small,7,200,369.5,1.8474999999999999,ok
write,small,8,200,380.19999999999999,1.901,ok
write,small,9,200,369.5,1.8474999999999999,ok
write,small,10,200,372,1.8600000000000001,ok
write,small,11,200,377.5,1.8875,ok
write,small,12,200,369,1.845,ok
write,small,13,200,369,1.845,ok
write,small,14,200,377.80000000000001,1.889,ok
write,small,15,200,368.80000000000001,1.8440000000000001,ok
write,small,16,200,372.19999999999999,1.861,ok
write,small,17,200,378.5,1.8925000000000001,ok
write,small,18,200,368.30000000000001,1.8415000000000001,ok
write,small,19,200,377.19999999999999,1.8859999999999999,ok
write,small,20,200,368.80000000000001,1.8440000000000001,ok
write,small,21,200,371.69999999999999,1.8585,ok
write,small,22,200,377.60000000000002,1.8880000000000001,ok
write,small,23,200,368,1.8400000000000001,ok
write,small,24,200,368.5,1.8425,ok
write,small,25,200,376.30000000000001,1.8815,ok
write,small,26,200,372.19999999999999,1.861,ok
write,small,27,200,376.30000000000001,1.8815,ok
write,small,28,200,368.80000000000001,1.8440000000000001,ok
write,small,29,200,368.5,1.8425,ok
parse,large,0,2,10844.200000000001,5422.1000000000004,ok
parse,large,1,2,10945.9,5472.9499999999998,ok
parse,large,2,2,10104.9,5052.4499999999998,ok
parse,large,3,2,12033.4,6016.6999999999998,ok
parse,large,4,2,10109.6,5054.8000000000002,ok
parse,large,5,2,9907.3999999999996,4953.6999999999998,ok
parse,large,6,2,10426.9,5213.4499999999998,ok
parse,large,7,2,10600.200000000001,5300.1000000000004,ok
parse,large,8,2,10033.200000000001,5016.6000000000004,ok
parse,large,9,2,10558,5279,ok
parse,large,10,2,10851.200000000001,5425.6000000000004,ok
parse,large,11,2,10348.299999999999,5174.1499999999996,ok
parse,large,12,2,13802.700000000001,6901.3500000000004,ok
parse,large,13,2,15694.700000000001,7847.3500000000004,ok
parse,large,14,2,10288.799999999999,5144.3999999999996,ok
parse,large,15,2,13767.6,6883.8000000000002,ok
parse,large,16,2,17322.799999999999,8661.3999999999996,ok
parse,large,17,2,11085.6,5542.8000000000002,ok
parse,large,18,2,10695.200000000001,5347.6000000000004,ok
parse,large,19,2,10461.6,5230.8000000000002,ok
parse,large,20,2,10215.4,5107.6999999999998,ok
parse,large,21,2,10175.200000000001,5087.6000000000004,ok
parse,large,22,2,11389.5,5694.75,ok
parse,large,23,2,10171.5,5085.75,ok
parse,large,24,2,12612.799999999999,6306.3999999999996,ok
parse,large,25,2,9850.7999999999993,4925.3999999999996,ok
parse,large,26,2,9750.1000000000004,4875.0500000000002,ok
parse,large,27,2,10033.700000000001,5016.8500000000004,ok
parse,large,28,2,10391.200000000001,5195.6000000000004,ok
parse,large,29,2,9889.5,4944.75,ok
write,large,0,2,1247.0999999999999,623.54999999999995,ok
write,large,1,2,1258.2,629.10000000000002,ok
write,large,2,2,1249.2,624.60000000000002,ok
write,large,3,2,1249.5,624.75,ok
write,large,4,2,1274.5,637.25,ok
write,large,5,2,1669.7,834.85000000000002,ok
write,large,6,2,1849.5999999999999,924.79999999999995,ok
write,large,7,2,1760.9000000000001,880.45000000000005,ok
write,large,8,2,1743.5999999999999,871.79999999999995,ok
write,large,9,2,1387.4000000000001,693.70000000000005,ok
write,large,10,2,1406.8,703.39999999999998,ok
write,large,11,2,1247,623.5,ok
write,large,12,2,1295.3,647.64999999999998,ok
write,large,13,2,1265.2,632.60000000000002,ok
write,large,14,2,1244,622,ok
write,large,15,2,1242.5999999999999,621.29999999999995,ok
write,large,16,2,1376.4000000000001,688.20000000000005,ok
write,large,17,2,1299.8,649.89999999999998,ok
write,large,18,2,1301.5999999999999,650.79999999999995,ok
write,large,19,2,1435.5999999999999,717.79999999999995,ok
write,large,20,2,1289,644.5,ok
write,large,21,2,1285.9000000000001,642.95000000000005,ok
write,large,22,2,1278.3,639.14999999999998,ok
write,large,23,2,1417.4000000000001,708.70000000000005,ok
write,large,24,2,1292.8,646.39999999999998,ok
write,large,25,2,1272.4000000000001,636.20000000000005,ok
write,large,26,2,1246.8,623.39999999999998,ok
write,large,27,2,1244.0999999999999,622.04999999999995,ok
write,large,28,2,1352.8,676.39999999999998,ok
write,large,29,2,1854.9000000000001,927.45000000000005,ok
parse,extension-heavy,0,40,502.10000000000002,12.5525,ok
parse,extension-heavy,1,40,491.19999999999999,12.279999999999999,ok
parse,extension-heavy,2,40,497,12.425000000000001,ok
parse,extension-heavy,3,40,485.60000000000002,12.140000000000001,ok
parse,extension-heavy,4,40,495.5,12.387499999999999,ok
parse,extension-heavy,5,40,489.30000000000001,12.2325,ok
parse,extension-heavy,6,40,497.10000000000002,12.4275,ok
parse,extension-heavy,7,40,486.10000000000002,12.1525,ok
parse,extension-heavy,8,40,501.30000000000001,12.532500000000001,ok
parse,extension-heavy,9,40,486.5,12.1625,ok
parse,extension-heavy,10,40,497,12.425000000000001,ok
parse,extension-heavy,11,40,486.39999999999998,12.16,ok
parse,extension-heavy,12,40,495.80000000000001,12.395,ok
parse,extension-heavy,13,40,489.5,12.237500000000001,ok
parse,extension-heavy,14,40,496.30000000000001,12.407500000000001,ok
parse,extension-heavy,15,40,485.5,12.137499999999999,ok
parse,extension-heavy,16,40,499.89999999999998,12.497499999999999,ok
parse,extension-heavy,17,40,485.39999999999998,12.135,ok
parse,extension-heavy,18,40,496,12.4,ok
parse,extension-heavy,19,40,511.80000000000001,12.795,ok
parse,extension-heavy,20,40,850.10000000000002,21.252500000000001,ok
parse,extension-heavy,21,40,571.60000000000002,14.290000000000001,ok
parse,extension-heavy,22,40,508.39999999999998,12.709999999999999,ok
parse,extension-heavy,23,40,504.89999999999998,12.622499999999999,ok
parse,extension-heavy,24,40,486.69999999999999,12.1675,ok
parse,extension-heavy,25,40,498.89999999999998,12.4725,ok
parse,extension-heavy,26,40,486.60000000000002,12.165000000000001,ok
parse,extension-heavy,27,40,500.19999999999999,12.504999999999999,ok
parse,extension-heavy,28,40,487.30000000000001,12.182500000000001,ok
parse,extension-heavy,29,40,496.5,12.4125,ok
write,extension-heavy,0,40,114,2.8500000000000001,ok
write,extension-heavy,1,40,123.7,3.0925000000000002,ok
write,extension-heavy,2,40,117.90000000000001,2.9475000000000002,ok
write,extension-heavy,3,40,113.90000000000001,2.8475000000000001,ok
write,extension-heavy,4,40,113.90000000000001,2.8475000000000001,ok
write,extension-heavy,5,40,114.40000000000001,2.8600000000000003,ok
write,extension-heavy,6,40,114.40000000000001,2.8600000000000003,ok
write,extension-heavy,7,40,114.09999999999999,2.8525,ok
write,extension-heavy,8,40,114.09999999999999,2.8525,ok
write,extension-heavy,9,40,114.3,2.8574999999999999,ok
write,extension-heavy,10,40,123.90000000000001,3.0975000000000001,ok
write,extension-heavy,11,40,114.09999999999999,2.8525,ok
write,extension-heavy,12,40,114.2,2.855,ok
write,extension-heavy,13,40,114.3,2.8574999999999999,ok
write,extension-heavy,14,40,113.8,2.8449999999999998,ok
write,extension-heavy,15,40,114,2.8500000000000001,ok
write,extension-heavy,16,40,114,2.8500000000000001,ok
write,extension-heavy,17,40,117.90000000000001,2.9475000000000002,ok
write,extension-heavy,18,40,122.3,3.0575000000000001,ok
write,extension-heavy,19,40,114.2,2.855,ok
write,extension-heavy,20,40,114.09999999999999,2.8525,ok
write,extension-heavy,21,40,114,2.8500000000000001,ok
write,extension-heavy,22,40,114.2,2.855,ok
write,extension-heavy,23,40,114.09999999999999,2.8525,ok
write,extension-heavy,24,40,113.8,2.8449999999999998,ok
write,extension-heavy,25,40,114.09999999999999,2.8525,ok
write,extension-heavy,26,40,114.09999999999999,2.8525,ok
write,extension-heavy,27,40,122,3.0499999999999998,ok
write,extension-heavy,28,40,113.90000000000001,2.8475000000000001,ok
write,extension-heavy,29,40,114,2.8500000000000001,ok
parse,float-heavy,0,10,11908.4,1190.8399999999999,ok
parse,float-heavy,1,10,11514.700000000001,1151.47,ok
parse,float-heavy,2,10,13268.5,1326.8499999999999,ok
parse,float-heavy,3,10,12807.700000000001,1280.77,ok
parse,float-heavy,4,10,11482.5,1148.25,ok
parse,float-heavy,5,10,11421.4,1142.1399999999999,ok
parse,float-heavy,6,10,11331.700000000001,1133.1700000000001,ok
parse,float-heavy,7,10,11705,1170.5,ok
parse,float-heavy,8,10,13624.700000000001,1362.47,ok
parse,float-heavy,9,10,17910.5,1791.05,ok
parse,float-heavy,10,10,15320.799999999999,1532.0799999999999,ok
parse,float-heavy,11,10,11466.700000000001,1146.6700000000001,ok
parse,float-heavy,12,10,11127.700000000001,1112.77,ok
parse,float-heavy,13,10,12780.200000000001,1278.02,ok
parse,float-heavy,14,10,12810.299999999999,1281.03,ok
parse,float-heavy,15,10,11588.200000000001,1158.8200000000002,ok
parse,float-heavy,16,10,14515.9,1451.5899999999999,ok
parse,float-heavy,17,10,11412.1,1141.21,ok
parse,float-heavy,18,10,11540.700000000001,1154.0700000000002,ok
parse,float-heavy,19,10,11403.6,1140.3600000000001,ok
parse,float-heavy,20,10,11372.9,1137.29,ok
parse,float-heavy,21,10,10944.799999999999,1094.48,ok
parse,float-heavy,22,10,16481.5,1648.1500000000001,ok
parse,float-heavy,23,10,13072,1307.2,ok
parse,float-heavy,24,10,15106.1,1510.6100000000001,ok
parse,float-heavy,25,10,14048.6,1404.8600000000001,ok
parse,float-heavy,26,10,11106.5,1110.6500000000001,ok
parse,float-heavy,27,10,10954.4,1095.4400000000001,ok
parse,float-heavy,28,10,12644.6,1264.46,ok
parse,float-heavy,29,10,11208.5,1120.8499999999999,ok
write,float-heavy,0,10,5283,528.29999999999995,ok
write,float-heavy,1,10,5019.1999999999998,501.91999999999996,ok
write,float-heavy,2,10,7349.8999999999996,734.99000000000001,ok
write,float-heavy,3,10,7622.8999999999996,762.28999999999996,ok
write,float-heavy,4,10,7091.3999999999996,709.13999999999999,ok
write,float-heavy,5,10,4748.3000000000002,474.83000000000004,ok
write,float-heavy,6,10,4674.8000000000002,467.48000000000002,ok
write,float-heavy,7,10,4642.8999999999996,464.28999999999996,ok
write,float-heavy,8,10,6412.8000000000002,641.27999999999997,ok
write,float-heavy,9,10,5046.6999999999998,504.66999999999996,ok
write,float-heavy,10,10,4862.8999999999996,486.28999999999996,ok
write,float-heavy,11,10,7435.1999999999998,743.51999999999998,ok
write,float-heavy,12,10,8061.5,806.14999999999998,ok
write,float-heavy,13,10,5766.1999999999998,576.62,ok
write,float-heavy,14,10,4798.1999999999998,479.81999999999999,ok
write,float-heavy,15,10,4792.5,479.25,ok
write,float-heavy,16,10,6767.8999999999996,676.78999999999996,ok
write,float-heavy,17,10,7865.5,786.54999999999995,ok
write,float-heavy,18,10,7914.6000000000004,791.46000000000004,ok
write,float-heavy,19,10,5265.5,526.54999999999995,ok
write,float-heavy,20,10,4636.3999999999996,463.63999999999999,ok
write,float-heavy,21,10,4974.5,497.44999999999999,ok
write,float-heavy,22,10,4797.8999999999996,479.78999999999996,ok
write,float-heavy,23,10,4807.5,480.75,ok
write,float-heavy,24,10,4856,485.60000000000002,ok
write,float-heavy,25,10,4651.3999999999996,465.13999999999999,ok
write,float-heavy,26,10,4656.5,465.64999999999998,ok
write,float-heavy,27,10,4745,474.5,ok
write,float-heavy,28,10,4767.1000000000004,476.71000000000004,ok
write,float-heavy,29,10,4643.5,464.35000000000002,ok
parse,deep,0,50,3333.8000000000002,66.676000000000002,ok
parse,deep,1,50,3873.9000000000001,77.478000000000009,ok
parse,deep,2,50,3398.5,67.969999999999999,ok
parse,deep,3,50,3361.8000000000002,67.236000000000004,ok
parse,deep,4,50,3364.4000000000001,67.287999999999997,ok
parse,deep,5,50,3283.4000000000001,65.668000000000006,ok
parse,deep,6,50,4748.1999999999998,94.963999999999999,ok
parse,deep,7,50,3969.5999999999999,79.391999999999996,ok
parse,deep,8,50,3270.1999999999998,65.403999999999996,ok
parse,deep,9,50,3276.5,65.530000000000001,ok
parse,deep,10,50,3539.0999999999999,70.781999999999996,ok
parse,deep,11,50,3272.6999999999998,65.453999999999994,ok
parse,deep,12,50,3266.3000000000002,65.326000000000008,ok
parse,deep,13,50,3304,66.079999999999998,ok
parse,deep,14,50,3444.5,68.890000000000001,ok
parse,deep,15,50,3350,67,ok
parse,deep,16,50,3284.8000000000002,65.695999999999998,ok
parse,deep,17,50,3274.6999999999998,65.494,ok
parse,deep,18,50,3282.5,65.650000000000006,ok
parse,deep,19,50,3369.0999999999999,67.382000000000005,ok
parse,deep,20,50,3340.0999999999999,66.801999999999992,ok
parse,deep,21,50,3274.5999999999999,65.492000000000004,ok
parse,deep,22,50,3271.9000000000001,65.438000000000002,ok
parse,deep,23,50,3277.8000000000002,65.555999999999997,ok
parse,deep,24,50,4018.4000000000001,80.367999999999995,ok
parse,deep,25,50,3372.5999999999999,67.451999999999998,ok
parse,deep,26,50,3362,67.239999999999995,ok
parse,deep,27,50,3311.0999999999999,66.221999999999994,ok
parse,deep,28,50,3250.3000000000002,65.006,ok
parse,deep,29,50,3924.9000000000001,78.498000000000005,ok
write,deep,0,50,673.70000000000005,13.474,ok
write,deep,1,50,702.10000000000002,14.042,ok
write,deep,2,50,684,13.68,ok
write,deep,3,50,697,13.94,ok
write,deep,4,50,698.20000000000005,13.964,ok
write,deep,5,50,692.70000000000005,13.854000000000001,ok
write,deep,6,50,685.39999999999998,13.708,ok
write,deep,7,50,673.10000000000002,13.462,ok
write,deep,8,50,691.70000000000005,13.834000000000001,ok
write,deep,9,50,665.70000000000005,13.314,ok
write,deep,10,50,677.29999999999995,13.545999999999999,ok
write,deep,11,50,670.60000000000002,13.412000000000001,ok
write,deep,12,50,708.60000000000002,14.172000000000001,ok
write,deep,13,50,727.79999999999995,14.555999999999999,ok
write,deep,14,50,691.5,13.83,ok
write,deep,15,50,679.70000000000005,13.594000000000001,ok
write,deep,16,50,700,14,ok
write,deep,17,50,692.29999999999995,13.845999999999998,ok
write,deep,18,50,679.70000000000005,13.594000000000001,ok
write,deep,19,50,693.70000000000005,13.874000000000001,ok
write,deep,20,50,692.79999999999995,13.856,ok
write,deep,21,50,688.60000000000002,13.772,ok
write,deep,22,50,690.39999999999998,13.808,ok
write,deep,23,50,684,13.68,ok
write,deep,24,50,681.79999999999995,13.635999999999999,ok
write,deep,25,50,676.10000000000002,13.522,ok
write,deep,26,50,674.70000000000005,13.494000000000002,ok
write,deep,27,50,677.10000000000002,13.542,ok
write,deep,28,50,663.79999999999995,13.276,ok
write,deep,29,50,690.10000000000002,13.802,ok
parse_reject,malformed,0,200,2589,12.945,ok
parse_reject,malformed,1,200,2581.9000000000001,12.909500000000001,ok
parse_reject,malformed,2,200,3188,15.94,ok
parse_reject,malformed,3,200,2835,14.175000000000001,ok
parse_reject,malformed,4,200,2681.1999999999998,13.405999999999999,ok
parse_reject,malformed,5,200,2602.9000000000001,13.0145,ok
parse_reject,malformed,6,200,2595.0999999999999,12.9755,ok
parse_reject,malformed,7,200,2599.0999999999999,12.9955,ok
parse_reject,malformed,8,200,2775.1999999999998,13.875999999999999,ok
parse_reject,malformed,9,200,2659.0999999999999,13.295499999999999,ok
parse_reject,malformed,10,200,2635.3000000000002,13.176500000000001,ok
parse_reject,malformed,11,200,2600.5999999999999,13.003,ok
parse_reject,malformed,12,200,2669,13.345000000000001,ok
parse_reject,malformed,13,200,2611.4000000000001,13.057,ok
parse_reject,malformed,14,200,2716.1999999999998,13.581,ok
parse_reject,malformed,15,200,2684.4000000000001,13.422000000000001,ok
parse_reject,malformed,16,200,2685.6999999999998,13.4285,ok
parse_reject,malformed,17,200,2608.9000000000001,13.044500000000001,ok
parse_reject,malformed,18,200,2620,13.1,ok
parse_reject,malformed,19,200,2612,13.06,ok
parse_reject,malformed,20,200,2718.8000000000002,13.594000000000001,ok
parse_reject,malformed,21,200,2694.1999999999998,13.470999999999998,ok
parse_reject,malformed,22,200,2686.6999999999998,13.433499999999999,ok
parse_reject,malformed,23,200,2678.6999999999998,13.3935,ok
parse_reject,malformed,24,200,2688.3000000000002,13.441500000000001,ok
parse_reject,malformed,25,200,2690,13.449999999999999,ok
parse_reject,malformed,26,200,3443.3000000000002,17.2165,ok
parse_reject,malformed,27,200,4405.8999999999996,22.029499999999999,ok
parse_reject,malformed,28,200,4383,21.914999999999999,ok
parse_reject,malformed,29,200,4290.6000000000004,21.453000000000003,ok
deserialize_reject,malformed,0,200,2957.4000000000001,14.787000000000001,ok
deserialize_reject,malformed,1,200,2959.1999999999998,14.795999999999999,ok
deserialize_reject,malformed,2,200,2957.9000000000001,14.7895,ok
deserialize_reject,malformed,3,200,2923.3000000000002,14.6165,ok
deserialize_reject,malformed,4,200,3015.0999999999999,15.0755,ok
deserialize_reject,malformed,5,200,2967,14.835000000000001,ok
deserialize_reject,malformed,6,200,2957.3000000000002,14.7865,ok
deserialize_reject,malformed,7,200,2958.3000000000002,14.791500000000001,ok
deserialize_reject,malformed,8,200,2965.5,14.827500000000001,ok
deserialize_reject,malformed,9,200,2957.6999999999998,14.788499999999999,ok
deserialize_reject,malformed,10,200,3245.1999999999998,16.225999999999999,ok
deserialize_reject,malformed,11,200,2959.3000000000002,14.796500000000002,ok
deserialize_reject,malformed,12,200,2957.1999999999998,14.786,ok
deserialize_reject,malformed,13,200,2949.9000000000001,14.749500000000001,ok
deserialize_reject,malformed,14,200,2954.8000000000002,14.774000000000001,ok
deserialize_reject,malformed,15,200,3066.6999999999998,15.333499999999999,ok
deserialize_reject,malformed,16,200,2970,14.85,ok
deserialize_reject,malformed,17,200,2958.5,14.7925,ok
deserialize_reject,malformed,18,200,3653.5999999999999,18.268000000000001,ok
deserialize_reject,malformed,19,200,4645.8999999999996,23.229499999999998,ok
deserialize_reject,malformed,20,200,3844.6999999999998,19.223499999999998,ok
deserialize_reject,malformed,21,200,3288.4000000000001,16.442,ok
deserialize_reject,malformed,22,200,2949.5,14.7475,ok
deserialize_reject,malformed,23,200,2956.1999999999998,14.780999999999999,ok
deserialize_reject,malformed,24,200,3175.1999999999998,15.875999999999999,ok
deserialize_reject,malformed,25,200,3001.8000000000002,15.009,ok
deserialize_reject,malformed,26,200,2955.4000000000001,14.777000000000001,ok
deserialize_reject,malformed,27,200,2945.1999999999998,14.725999999999999,ok
deserialize_reject,malformed,28,200,2948.5999999999999,14.743,ok
deserialize_reject,malformed,29,200,2960.0999999999999,14.8005,ok
schema_compile,gltf-root,0,1,4295.6999999999998,4295.6999999999998,ok
schema_compile,gltf-root,1,1,4314.1000000000004,4314.1000000000004,ok
schema_compile,gltf-root,2,1,4437.6000000000004,4437.6000000000004,ok
schema_compile,gltf-root,3,1,4457.3000000000002,4457.3000000000002,ok
schema_compile,gltf-root,4,1,4182,4182,ok
schema_compile,gltf-root,5,1,4207,4207,ok
schema_compile,gltf-root,6,1,4510.3999999999996,4510.3999999999996,ok
schema_compile,gltf-root,7,1,4191.6000000000004,4191.6000000000004,ok
schema_compile,gltf-root,8,1,4157.3000000000002,4157.3000000000002,ok
schema_compile,gltf-root,9,1,4500.3000000000002,4500.3000000000002,ok
schema_compile,gltf-root,10,1,4243.8999999999996,4243.8999999999996,ok
schema_compile,gltf-root,11,1,4356.3999999999996,4356.3999999999996,ok
schema_compile,gltf-root,12,1,4133.6999999999998,4133.6999999999998,ok
schema_compile,gltf-root,13,1,4292.3999999999996,4292.3999999999996,ok
schema_compile,gltf-root,14,1,4105.3999999999996,4105.3999999999996,ok
schema_compile,gltf-root,15,1,4190.6999999999998,4190.6999999999998,ok
schema_compile,gltf-root,16,1,4033,4033,ok
schema_compile,gltf-root,17,1,4272.6000000000004,4272.6000000000004,ok
schema_compile,gltf-root,18,1,4107.6000000000004,4107.6000000000004,ok
schema_compile,gltf-root,19,1,4139,4139,ok
schema_compile,gltf-root,20,1,4176.5,4176.5,ok
schema_compile,gltf-root,21,1,4685.8000000000002,4685.8000000000002,ok
schema_compile,gltf-root,22,1,4123.6999999999998,4123.6999999999998,ok
schema_compile,gltf-root,23,1,4146.6999999999998,4146.6999999999998,ok
schema_compile,gltf-root,24,1,4350.1000000000004,4350.1000000000004,ok
schema_compile,gltf-root,25,1,4399.5,4399.5,ok
schema_compile,gltf-root,26,1,4078.8000000000002,4078.8000000000002,ok
schema_compile,gltf-root,27,1,4155.5,4155.5,ok
schema_compile,gltf-root,28,1,4469.3999999999996,4469.3999999999996,ok
schema_compile,gltf-root,29,1,4028.3000000000002,4028.3000000000002,ok
schema_validate,small,0,50,655.79999999999995,13.116,ok
schema_validate,small,1,50,641.10000000000002,12.822000000000001,ok
schema_validate,small,2,50,651,13.02,ok
schema_validate,small,3,50,654.89999999999998,13.097999999999999,ok
schema_validate,small,4,50,855.10000000000002,17.102,ok
schema_validate,small,5,50,706.89999999999998,14.138,ok
schema_validate,small,6,50,687.70000000000005,13.754000000000001,ok
schema_validate,small,7,50,674.79999999999995,13.495999999999999,ok
schema_validate,small,8,50,658.20000000000005,13.164000000000001,ok
schema_validate,small,9,50,670.29999999999995,13.405999999999999,ok
schema_validate,small,10,50,666.60000000000002,13.332000000000001,ok
schema_validate,small,11,50,654.10000000000002,13.082000000000001,ok
schema_validate,small,12,50,668.20000000000005,13.364000000000001,ok
schema_validate,small,13,50,665.79999999999995,13.315999999999999,ok
schema_validate,small,14,50,653.70000000000005,13.074000000000002,ok
schema_validate,small,15,50,668.39999999999998,13.368,ok
schema_validate,small,16,50,665.79999999999995,13.315999999999999,ok
schema_validate,small,17,50,654,13.08,ok
schema_validate,small,18,50,686.29999999999995,13.725999999999999,ok
schema_validate,small,19,50,662.79999999999995,13.255999999999998,ok
schema_validate,small,20,50,659.39999999999998,13.187999999999999,ok
schema_validate,small,21,50,650.20000000000005,13.004000000000001,ok
schema_validate,small,22,50,648.29999999999995,12.965999999999999,ok
schema_validate,small,23,50,638.79999999999995,12.776,ok
schema_validate,small,24,50,654.39999999999998,13.087999999999999,ok
schema_validate,small,25,50,638.60000000000002,12.772,ok
schema_validate,small,26,50,650.20000000000005,13.004000000000001,ok
schema_validate,small,27,50,654.20000000000005,13.084000000000001,ok
schema_validate,small,28,50,854.70000000000005,17.094000000000001,ok
schema_validate,small,29,50,675.5,13.51,ok
schema_validate,large,0,1,4719.1000000000004,4719.1000000000004,ok
schema_validate,large,1,1,4592.8999999999996,4592.8999999999996,ok
schema_validate,large,2,1,4587.3999999999996,4587.3999999999996,ok
schema_validate,large,3,1,4890.1999999999998,4890.1999999999998,ok
schema_validate,large,4,1,4580.8999999999996,4580.8999999999996,ok
schema_validate,large,5,1,4601.6000000000004,4601.6000000000004,ok
schema_validate,large,6,1,4808.1999999999998,4808.1999999999998,ok
schema_validate,large,7,1,4676.3999999999996,4676.3999999999996,ok
schema_validate,large,8,1,4592.3999999999996,4592.3999999999996,ok
schema_validate,large,9,1,4948.5,4948.5,ok
schema_validate,large,10,1,4849.8000000000002,4849.8000000000002,ok
schema_validate,large,11,1,4789.3999999999996,4789.3999999999996,ok
schema_validate,large,12,1,4755.3999999999996,4755.3999999999996,ok
schema_validate,large,13,1,5167.8000000000002,5167.8000000000002,ok
schema_validate,large,14,1,4726.8000000000002,4726.8000000000002,ok
schema_validate,large,15,1,4698.5,4698.5,ok
schema_validate,large,16,1,7353.3000000000002,7353.3000000000002,ok
schema_validate,large,17,1,5585.5,5585.5,ok
schema_validate,large,18,1,5085.1999999999998,5085.1999999999998,ok
schema_validate,large,19,1,4917,4917,ok
schema_validate,large,20,1,4726.1000000000004,4726.1000000000004,ok
schema_validate,large,21,1,4700,4700,ok
schema_validate,large,22,1,4992.1000000000004,4992.1000000000004,ok
schema_validate,large,23,1,4682.6999999999998,4682.6999999999998,ok
schema_validate,large,24,1,4633.3000000000002,4633.3000000000002,ok
schema_validate,large,25,1,4758.8000000000002,4758.8000000000002,ok
schema_validate,large,26,1,4741.8999999999996,4741.8999999999996,ok
schema_validate,large,27,1,4599.5,4599.5,ok
schema_validate,large,28,1,4846.6999999999998,4846.6999999999998,ok
schema_validate,large,29,1,4897.3999999999996,4897.3999999999996,ok
schema_validate,extension-heavy,0,10,121.09999999999999,12.109999999999999,ok
schema_validate,extension-heavy,1,10,121.09999999999999,12.109999999999999,ok
schema_validate,extension-heavy,2,10,121.3,12.129999999999999,ok
schema_validate,extension-heavy,3,10,135.5,13.550000000000001,ok
schema_validate,extension-heavy,4,10,121,12.1,ok
schema_validate,extension-heavy,5,10,121.09999999999999,12.109999999999999,ok
schema_validate,extension-heavy,6,10,121.09999999999999,12.109999999999999,ok
schema_validate,extension-heavy,7,10,121.40000000000001,12.140000000000001,ok
schema_validate,extension-heavy,8,10,121.09999999999999,12.109999999999999,ok
schema_validate,extension-heavy,9,10,121.09999999999999,12.109999999999999,ok
schema_validate,extension-heavy,10,10,121.2,12.120000000000001,ok
schema_validate,extension-heavy,11,10,132.19999999999999,13.219999999999999,ok
schema_validate,extension-heavy,12,10,120.90000000000001,12.09,ok
schema_validate,extension-heavy,13,10,120.90000000000001,12.09,ok
schema_validate,extension-heavy,14,10,120.90000000000001,12.09,ok
schema_validate,extension-heavy,15,10,121.09999999999999,12.109999999999999,ok
schema_validate,extension-heavy,16,10,121.09999999999999,12.109999999999999,ok
schema_validate,extension-heavy,17,10,121,12.1,ok
schema_validate,extension-heavy,18,10,120.8,12.08,ok
schema_validate,extension-heavy,19,10,137.59999999999999,13.76,ok
schema_validate,extension-heavy,20,10,121.2,12.120000000000001,ok
schema_validate,extension-heavy,21,10,121.2,12.120000000000001,ok
schema_validate,extension-heavy,22,10,121,12.1,ok
schema_validate,extension-heavy,23,10,121.09999999999999,12.109999999999999,ok
schema_validate,extension-heavy,24,10,121.3,12.129999999999999,ok
schema_validate,extension-heavy,25,10,121.3,12.129999999999999,ok
schema_validate,extension-heavy,26,10,121.2,12.120000000000001,ok
schema_validate,extension-heavy,27,10,139.59999999999999,13.959999999999999,ok
schema_validate,extension-heavy,28,10,120.40000000000001,12.040000000000001,ok
schema_validate,extension-heavy,29,10,120.8,12.08,ok
schema_validate,float-heavy,0,2,2408.6999999999998,1204.3499999999999,ok
schema_validate,float-heavy,1,2,2178.8000000000002,1089.4000000000001,ok
schema_validate,float-heavy,2,2,2176.0999999999999,1088.05,ok
schema_validate,float-heavy,3,2,2172.1999999999998,1086.0999999999999,ok
schema_validate,float-heavy,4,2,2185.6999999999998,1092.8499999999999,ok
schema_validate,float-heavy,5,2,2173,1086.5,ok
schema_validate,float-heavy,6,2,2204.9000000000001,1102.45,ok
schema_validate,float-heavy,7,2,2310.3000000000002,1155.1500000000001,ok
schema_validate,float-heavy,8,2,2252.1999999999998,1126.0999999999999,ok
schema_validate,float-heavy,9,2,2231.4000000000001,1115.7,ok
schema_validate,float-heavy,10,2,2225.5999999999999,1112.8,ok
schema_validate,float-heavy,11,2,2241.5,1120.75,ok
schema_validate,float-heavy,12,2,2232.9000000000001,1116.45,ok
schema_validate,float-heavy,13,2,2210.4000000000001,1105.2,ok
schema_validate,float-heavy,14,2,2301,1150.5,ok
schema_validate,float-heavy,15,2,2229.1999999999998,1114.5999999999999,ok
schema_validate,float-heavy,16,2,2227,1113.5,ok
schema_validate,float-heavy,17,2,2203.6999999999998,1101.8499999999999,ok
schema_validate,float-heavy,18,2,2173,1086.5,ok
schema_validate,float-heavy,19,2,2172.0999999999999,1086.05,ok
schema_validate,float-heavy,20,2,2171.4000000000001,1085.7,ok
schema_validate,float-heavy,21,2,2296.4000000000001,1148.2,ok
schema_validate,float-heavy,22,2,2247.4000000000001,1123.7,ok
schema_validate,float-heavy,23,2,2225.0999999999999,1112.55,ok
schema_validate,float-heavy,24,2,2196.3000000000002,1098.1500000000001,ok
schema_validate,float-heavy,25,2,2173.4000000000001,1086.7,ok
schema_validate,float-heavy,26,2,2172.8000000000002,1086.4000000000001,ok
schema_validate,float-heavy,27,2,2182.8000000000002,1091.4000000000001,ok
schema_validate,float-heavy,28,2,2263.9000000000001,1131.95,ok
schema_validate,float-heavy,29,2,2238.6999999999998,1119.3499999999999,ok
deserialize_schema_on,small,0,50,216655.20000000001,4333.1040000000003,ok
deserialize_schema_on,small,1,50,210517.70000000001,4210.3540000000003,ok
deserialize_schema_on,small,2,50,216323.60000000001,4326.4719999999998,ok
deserialize_schema_on,small,3,50,211963.39999999999,4239.268,ok
deserialize_schema_on,small,4,50,208443.79999999999,4168.8760000000002,ok
deserialize_schema_on,small,5,50,216374.79999999999,4327.4960000000001,ok
deserialize_schema_on,small,6,50,209477.79999999999,4189.5559999999996,ok
deserialize_schema_on,small,7,50,228306,4566.1199999999999,ok
deserialize_schema_on,small,8,50,220097.79999999999,4401.9560000000001,ok
deserialize_schema_on,small,9,50,208773.10000000001,4175.4620000000004,ok
deserialize_schema_on,small,10,50,215254.10000000001,4305.0820000000003,ok
deserialize_schema_on,small,11,50,213821.20000000001,4276.424,ok
deserialize_schema_on,small,12,50,218942.60000000001,4378.8519999999999,ok
deserialize_schema_on,small,13,50,213963.79999999999,4279.2759999999998,ok
deserialize_schema_on,small,14,50,210689,4213.7799999999997,ok
deserialize_schema_on,small,15,50,216717.5,4334.3500000000004,ok
deserialize_schema_on,small,16,50,214337,4286.7399999999998,ok
deserialize_schema_on,small,17,50,228769.39999999999,4575.3879999999999,ok
deserialize_schema_on,small,18,50,213577.39999999999,4271.5479999999998,ok
deserialize_schema_on,small,19,50,208945.60000000001,4178.9120000000003,ok
deserialize_schema_on,small,20,50,221926.10000000001,4438.5219999999999,ok
deserialize_schema_on,small,21,50,211587,4231.7399999999998,ok
deserialize_schema_on,small,22,50,211750.20000000001,4235.0039999999999,ok
deserialize_schema_on,small,23,50,221340.29999999999,4426.8059999999996,ok
deserialize_schema_on,small,24,50,221864.20000000001,4437.2840000000006,ok
deserialize_schema_on,small,25,50,233947.20000000001,4678.9440000000004,ok
deserialize_schema_on,small,26,50,221446.60000000001,4428.9319999999998,ok
deserialize_schema_on,small,27,50,210556.79999999999,4211.1359999999995,ok
deserialize_schema_on,small,28,50,220919.20000000001,4418.384,ok
deserialize_schema_on,small,29,50,213058.20000000001,4261.1640000000007,ok
deserialize_schema_off,small,0,50,2143.5,42.869999999999997,ok
deserialize_schema_off,small,1,50,1606.9000000000001,32.138000000000005,ok
deserialize_schema_off,small,2,50,1793,35.859999999999999,ok
deserialize_schema_off,small,3,50,1310.5,26.210000000000001,ok
deserialize_schema_off,small,4,50,1314.3,26.285999999999998,ok
deserialize_schema_off,small,5,50,1301.0999999999999,26.021999999999998,ok
deserialize_schema_off,small,6,50,1293,25.859999999999999,ok
deserialize_schema_off,small,7,50,1310.4000000000001,26.208000000000002,ok
deserialize_schema_off,small,8,50,1296.0999999999999,25.921999999999997,ok
deserialize_schema_off,small,9,50,1294.0999999999999,25.881999999999998,ok
deserialize_schema_off,small,10,50,1313.3,26.265999999999998,ok
deserialize_schema_off,small,11,50,1300.5999999999999,26.011999999999997,ok
deserialize_schema_off,small,12,50,1295.7,25.914000000000001,ok
deserialize_schema_off,small,13,50,2122.8000000000002,42.456000000000003,ok
deserialize_schema_off,small,14,50,2295,45.899999999999999,ok
deserialize_schema_off,small,15,50,1357.0999999999999,27.141999999999999,ok
deserialize_schema_off,small,16,50,1339.7,26.794,ok
deserialize_schema_off,small,17,50,1329,26.579999999999998,ok
deserialize_schema_off,small,18,50,1326.4000000000001,26.528000000000002,ok
deserialize_schema_off,small,19,50,1335,26.699999999999999,ok
deserialize_schema_off,small,20,50,1315.3,26.305999999999997,ok
deserialize_schema_off,small,21,50,1318.8,26.375999999999998,ok
deserialize_schema_off,small,22,50,1305.5,26.109999999999999,ok
deserialize_schema_off,small,23,50,1302.5999999999999,26.052,ok
deserialize_schema_off,small,24,50,2211.8000000000002,44.236000000000004,ok
deserialize_schema_off,small,25,50,2302,46.039999999999999,ok
deserialize_schema_off,small,26,50,2287.0999999999999,45.741999999999997,ok
deserialize_schema_off,small,27,50,2261.6999999999998,45.233999999999995,ok
deserialize_schema_off,small,28,50,1633.9000000000001,32.678000000000004,ok
deserialize_schema_off,small,29,50,1304.0999999999999,26.081999999999997,ok
public_serialize,small,0,50,370.30000000000001,7.4060000000000006,ok
public_serialize,small,1,50,359.60000000000002,7.1920000000000002,ok
public_serialize,small,2,50,359.69999999999999,7.194,ok
public_serialize,small,3,50,370,7.4000000000000004,ok
public_serialize,small,4,50,363.69999999999999,7.274,ok
public_serialize,small,5,50,481.19999999999999,9.6240000000000006,ok
public_serialize,small,6,50,399,7.9800000000000004,ok
public_serialize,small,7,50,375.60000000000002,7.5120000000000005,ok
public_serialize,small,8,50,378,7.5599999999999996,ok
public_serialize,small,9,50,373.5,7.4699999999999998,ok
public_serialize,small,10,50,364.80000000000001,7.2960000000000003,ok
public_serialize,small,11,50,415.39999999999998,8.3079999999999998,ok
public_serialize,small,12,50,360,7.2000000000000002,ok
public_serialize,small,13,50,361.19999999999999,7.2240000000000002,ok
public_serialize,small,14,50,379.80000000000001,7.5960000000000001,ok
public_serialize,small,15,50,356.5,7.1299999999999999,ok
public_serialize,small,16,50,368.80000000000001,7.3760000000000003,ok
public_serialize,small,17,50,356.39999999999998,7.1279999999999992,ok
public_serialize,small,18,50,357.80000000000001,7.1560000000000006,ok
public_serialize,small,19,50,372.5,7.4500000000000002,ok
public_serialize,small,20,50,364.60000000000002,7.2920000000000007,ok
public_serialize,small,21,50,359.5,7.1900000000000004,ok
public_serialize,small,22,50,369.39999999999998,7.3879999999999999,ok
public_serialize,small,23,50,357,7.1399999999999997,ok
public_serialize,small,24,50,356.19999999999999,7.1239999999999997,ok
public_serialize,small,25,50,371.89999999999998,7.4379999999999997,ok
public_serialize,small,26,50,369.30000000000001,7.3860000000000001,ok
public_serialize,small,27,50,375.30000000000001,7.5060000000000002,ok
public_serialize,small,28,50,366.80000000000001,7.3360000000000003,ok
public_serialize,small,29,50,364.10000000000002,7.282,ok
end_to_end,small,0,50,212598.5,4251.9700000000003,ok
end_to_end,small,1,50,219541.70000000001,4390.8339999999998,ok
end_to_end,small,2,50,214344.70000000001,4286.8940000000002,ok
end_to_end,small,3,50,209587,4191.7399999999998,ok
end_to_end,small,4,50,257891.60000000001,5157.8320000000003,ok
end_to_end,small,5,50,303515.59999999998,6070.3119999999999,ok
end_to_end,small,6,50,230428.60000000001,4608.5720000000001,ok
end_to_end,small,7,50,231588,4631.7600000000002,ok
end_to_end,small,8,50,263973.09999999998,5279.4619999999995,ok
end_to_end,small,9,50,366910.90000000002,7338.2180000000008,ok
end_to_end,small,10,50,220543.29999999999,4410.866,ok
end_to_end,small,11,50,226048.5,4520.9700000000003,ok
end_to_end,small,12,50,227618.70000000001,4552.3739999999998,ok
end_to_end,small,13,50,230526.29999999999,4610.5259999999998,ok
end_to_end,small,14,50,213299,4265.9799999999996,ok
end_to_end,small,15,50,219008.89999999999,4380.1779999999999,ok
end_to_end,small,16,50,293948.40000000002,5878.9680000000008,ok
end_to_end,small,17,50,223845.89999999999,4476.9179999999997,ok
end_to_end,small,18,50,207995.20000000001,4159.9040000000005,ok
end_to_end,small,19,50,223032.20000000001,4460.6440000000002,ok
end_to_end,small,20,50,208517.39999999999,4170.348,ok
end_to_end,small,21,50,221203.20000000001,4424.0640000000003,ok
end_to_end,small,22,50,219139.79999999999,4382.7959999999994,ok
end_to_end,small,23,50,213009.20000000001,4260.1840000000002,ok
end_to_end,small,24,50,213990,4279.8000000000002,ok
end_to_end,small,25,50,221402.5,4428.0500000000002,ok
end_to_end,small,26,50,225249.79999999999,4504.9960000000001,ok
end_to_end,small,27,50,228081.10000000001,4561.6220000000003,ok
end_to_end,small,28,50,229455.79999999999,4589.116,ok
end_to_end,small,29,50,209158.39999999999,4183.1679999999997,ok
deserialize_schema_on,large,0,1,17639.900000000001,17639.900000000001,ok
deserialize_schema_on,large,1,1,22944,22944,ok
deserialize_schema_on,large,2,1,17331.900000000001,17331.900000000001,ok
deserialize_schema_on,large,3,1,17531.900000000001,17531.900000000001,ok
deserialize_schema_on,large,4,1,19129.400000000001,19129.400000000001,ok
deserialize_schema_on,large,5,1,18385.099999999999,18385.099999999999,ok
deserialize_schema_on,large,6,1,18813.200000000001,18813.200000000001,ok
deserialize_schema_on,large,7,1,17344.799999999999,17344.799999999999,ok
deserialize_schema_on,large,8,1,17315.5,17315.5,ok
deserialize_schema_on,large,9,1,19411.5,19411.5,ok
deserialize_schema_on,large,10,1,20120.5,20120.5,ok
deserialize_schema_on,large,11,1,17985.299999999999,17985.299999999999,ok
deserialize_schema_on,large,12,1,18724.900000000001,18724.900000000001,ok
deserialize_schema_on,large,13,1,18050.200000000001,18050.200000000001,ok
deserialize_schema_on,large,14,1,18870.400000000001,18870.400000000001,ok
deserialize_schema_on,large,15,1,18845.400000000001,18845.400000000001,ok
deserialize_schema_on,large,16,1,17005,17005,ok
deserialize_schema_on,large,17,1,17699.799999999999,17699.799999999999,ok
deserialize_schema_on,large,18,1,17531.099999999999,17531.099999999999,ok
deserialize_schema_on,large,19,1,17771.700000000001,17771.700000000001,ok
deserialize_schema_on,large,20,1,18177.299999999999,18177.299999999999,ok
deserialize_schema_on,large,21,1,16967.5,16967.5,ok
deserialize_schema_on,large,22,1,17750.200000000001,17750.200000000001,ok
deserialize_schema_on,large,23,1,17200.200000000001,17200.200000000001,ok
deserialize_schema_on,large,24,1,17321.200000000001,17321.200000000001,ok
deserialize_schema_on,large,25,1,17368.200000000001,17368.200000000001,ok
deserialize_schema_on,large,26,1,18830.400000000001,18830.400000000001,ok
deserialize_schema_on,large,27,1,18613.400000000001,18613.400000000001,ok
deserialize_schema_on,large,28,1,17494.900000000001,17494.900000000001,ok
deserialize_schema_on,large,29,1,18207.299999999999,18207.299999999999,ok
deserialize_schema_off,large,0,1,7543.5,7543.5,ok
deserialize_schema_off,large,1,1,7955,7955,ok
deserialize_schema_off,large,2,1,7747.8000000000002,7747.8000000000002,ok
deserialize_schema_off,large,3,1,8515.5,8515.5,ok
deserialize_schema_off,large,4,1,7450.1999999999998,7450.1999999999998,ok
deserialize_schema_off,large,5,1,8932.6000000000004,8932.6000000000004,ok
deserialize_schema_off,large,6,1,8234.2999999999993,8234.2999999999993,ok
deserialize_schema_off,large,7,1,7616.8999999999996,7616.8999999999996,ok
deserialize_schema_off,large,8,1,7443.1000000000004,7443.1000000000004,ok
deserialize_schema_off,large,9,1,7829.1000000000004,7829.1000000000004,ok
deserialize_schema_off,large,10,1,7552.1999999999998,7552.1999999999998,ok
deserialize_schema_off,large,11,1,7560,7560,ok
deserialize_schema_off,large,12,1,7237.3999999999996,7237.3999999999996,ok
deserialize_schema_off,large,13,1,7929.8000000000002,7929.8000000000002,ok
deserialize_schema_off,large,14,1,7928.5,7928.5,ok
deserialize_schema_off,large,15,1,7676.1000000000004,7676.1000000000004,ok
deserialize_schema_off,large,16,1,7300.6000000000004,7300.6000000000004,ok
deserialize_schema_off,large,17,1,7472.3000000000002,7472.3000000000002,ok
deserialize_schema_off,large,18,1,7427.3999999999996,7427.3999999999996,ok
deserialize_schema_off,large,19,1,7535.3999999999996,7535.3999999999996,ok
deserialize_schema_off,large,20,1,7301.5,7301.5,ok
deserialize_schema_off,large,21,1,8347.6000000000004,8347.6000000000004,ok
deserialize_schema_off,large,22,1,8221.2999999999993,8221.2999999999993,ok
deserialize_schema_off,large,23,1,7779,7779,ok
deserialize_schema_off,large,24,1,7404.3000000000002,7404.3000000000002,ok
deserialize_schema_off,large,25,1,7429.1999999999998,7429.1999999999998,ok
deserialize_schema_off,large,26,1,7335.6999999999998,7335.6999999999998,ok
deserialize_schema_off,large,27,1,7239.8999999999996,7239.8999999999996,ok
deserialize_schema_off,large,28,1,7703.1999999999998,7703.1999999999998,ok
deserialize_schema_off,large,29,1,7268.3999999999996,7268.3999999999996,ok
public_serialize,large,0,1,2879.4000000000001,2879.4000000000001,ok
public_serialize,large,1,1,2836.5999999999999,2836.5999999999999,ok
public_serialize,large,2,1,2819.1999999999998,2819.1999999999998,ok
public_serialize,large,3,1,3025.0999999999999,3025.0999999999999,ok
public_serialize,large,4,1,3177.6999999999998,3177.6999999999998,ok
public_serialize,large,5,1,2931.3000000000002,2931.3000000000002,ok
public_serialize,large,6,1,2898.9000000000001,2898.9000000000001,ok
public_serialize,large,7,1,2849.1999999999998,2849.1999999999998,ok
public_serialize,large,8,1,2826.6999999999998,2826.6999999999998,ok
public_serialize,large,9,1,2977.4000000000001,2977.4000000000001,ok
public_serialize,large,10,1,2858.8000000000002,2858.8000000000002,ok
public_serialize,large,11,1,2839.1999999999998,2839.1999999999998,ok
public_serialize,large,12,1,2823.8000000000002,2823.8000000000002,ok
public_serialize,large,13,1,2821.6999999999998,2821.6999999999998,ok
public_serialize,large,14,1,3420.0999999999999,3420.0999999999999,ok
public_serialize,large,15,1,2956.5,2956.5,ok
public_serialize,large,16,1,2900.9000000000001,2900.9000000000001,ok
public_serialize,large,17,1,2845.4000000000001,2845.4000000000001,ok
public_serialize,large,18,1,2809.4000000000001,2809.4000000000001,ok
public_serialize,large,19,1,2930.1999999999998,2930.1999999999998,ok
public_serialize,large,20,1,2939,2939,ok
public_serialize,large,21,1,2881.1999999999998,2881.1999999999998,ok
public_serialize,large,22,1,2842.5,2842.5,ok
public_serialize,large,23,1,2818.6999999999998,2818.6999999999998,ok
public_serialize,large,24,1,2795.5999999999999,2795.5999999999999,ok
public_serialize,large,25,1,2958.6999999999998,2958.6999999999998,ok
public_serialize,large,26,1,2890.5,2890.5,ok
public_serialize,large,27,1,2859.0999999999999,2859.0999999999999,ok
public_serialize,large,28,1,2840,2840,ok
public_serialize,large,29,1,2787.3000000000002,2787.3000000000002,ok
end_to_end,large,0,1,21080.5,21080.5,ok
end_to_end,large,1,1,21711.700000000001,21711.700000000001,ok
end_to_end,large,2,1,21043.299999999999,21043.299999999999,ok
end_to_end,large,3,1,21909.799999999999,21909.799999999999,ok
end_to_end,large,4,1,20585.400000000001,20585.400000000001,ok
end_to_end,large,5,1,27033.900000000001,27033.900000000001,ok
end_to_end,large,6,1,29368.799999999999,29368.799999999999,ok
end_to_end,large,7,1,20784.400000000001,20784.400000000001,ok
end_to_end,large,8,1,22017.200000000001,22017.200000000001,ok
end_to_end,large,9,1,25266.200000000001,25266.200000000001,ok
end_to_end,large,10,1,20856.900000000001,20856.900000000001,ok
end_to_end,large,11,1,20136.799999999999,20136.799999999999,ok
end_to_end,large,12,1,20254.099999999999,20254.099999999999,ok
end_to_end,large,13,1,20515.900000000001,20515.900000000001,ok
end_to_end,large,14,1,20313,20313,ok
end_to_end,large,15,1,20226.799999999999,20226.799999999999,ok
end_to_end,large,16,1,21441.200000000001,21441.200000000001,ok
end_to_end,large,17,1,21830.799999999999,21830.799999999999,ok
end_to_end,large,18,1,21188.5,21188.5,ok
end_to_end,large,19,1,20080.599999999999,20080.599999999999,ok
end_to_end,large,20,1,19863.200000000001,19863.200000000001,ok
end_to_end,large,21,1,21304.5,21304.5,ok
end_to_end,large,22,1,20893.5,20893.5,ok
end_to_end,large,23,1,21717.400000000001,21717.400000000001,ok
end_to_end,large,24,1,22088.299999999999,22088.299999999999,ok
end_to_end,large,25,1,20696,20696,ok
end_to_end,large,26,1,24239,24239,ok
end_to_end,large,27,1,20681.599999999999,20681.599999999999,ok
end_to_end,large,28,1,20562.299999999999,20562.299999999999,ok
end_to_end,large,29,1,20360.5,20360.5,ok
deserialize_schema_on,float-heavy,0,2,12572.4,6286.1999999999998,ok
deserialize_schema_on,float-heavy,1,2,12711.9,6355.9499999999998,ok
deserialize_schema_on,float-heavy,2,2,12799.200000000001,6399.6000000000004,ok
deserialize_schema_on,float-heavy,3,2,12842.6,6421.3000000000002,ok
deserialize_schema_on,float-heavy,4,2,13079.5,6539.75,ok
deserialize_schema_on,float-heavy,5,2,14847.1,7423.5500000000002,ok
deserialize_schema_on,float-heavy,6,2,15384.6,7692.3000000000002,ok
deserialize_schema_on,float-heavy,7,2,14766.799999999999,7383.3999999999996,ok
deserialize_schema_on,float-heavy,8,2,12911,6455.5,ok
deserialize_schema_on,float-heavy,9,2,13006,6503,ok
deserialize_schema_on,float-heavy,10,2,12991.799999999999,6495.8999999999996,ok
deserialize_schema_on,float-heavy,11,2,14672.5,7336.25,ok
deserialize_schema_on,float-heavy,12,2,15892.700000000001,7946.3500000000004,ok
deserialize_schema_on,float-heavy,13,2,12771.1,6385.5500000000002,ok
deserialize_schema_on,float-heavy,14,2,12916.6,6458.3000000000002,ok
deserialize_schema_on,float-heavy,15,2,12421.6,6210.8000000000002,ok
deserialize_schema_on,float-heavy,16,2,12982.6,6491.3000000000002,ok
deserialize_schema_on,float-heavy,17,2,13829.6,6914.8000000000002,ok
deserialize_schema_on,float-heavy,18,2,13130.5,6565.25,ok
deserialize_schema_on,float-heavy,19,2,14187.5,7093.75,ok
deserialize_schema_on,float-heavy,20,2,13585,6792.5,ok
deserialize_schema_on,float-heavy,21,2,12648.1,6324.0500000000002,ok
deserialize_schema_on,float-heavy,22,2,13130.5,6565.25,ok
deserialize_schema_on,float-heavy,23,2,13354.4,6677.1999999999998,ok
deserialize_schema_on,float-heavy,24,2,13068.799999999999,6534.3999999999996,ok
deserialize_schema_on,float-heavy,25,2,12796.200000000001,6398.1000000000004,ok
deserialize_schema_on,float-heavy,26,2,15396.6,7698.3000000000002,ok
deserialize_schema_on,float-heavy,27,2,13121.799999999999,6560.8999999999996,ok
deserialize_schema_on,float-heavy,28,2,17302.400000000001,8651.2000000000007,ok
deserialize_schema_on,float-heavy,29,2,16621.900000000001,8310.9500000000007,ok
deserialize_schema_off,float-heavy,0,2,2397.5999999999999,1198.8,ok
deserialize_schema_off,float-heavy,1,2,2388.3000000000002,1194.1500000000001,ok
deserialize_schema_off,float-heavy,2,2,2825.1999999999998,1412.5999999999999,ok
deserialize_schema_off,float-heavy,3,2,2645.6999999999998,1322.8499999999999,ok
deserialize_schema_off,float-heavy,4,2,2436,1218,ok
deserialize_schema_off,float-heavy,5,2,2827.0999999999999,1413.55,ok
deserialize_schema_off,float-heavy,6,2,2383.8000000000002,1191.9000000000001,ok
deserialize_schema_off,float-heavy,7,2,2367.0999999999999,1183.55,ok
deserialize_schema_off,float-heavy,8,2,2365.0999999999999,1182.55,ok
deserialize_schema_off,float-heavy,9,2,2351.5999999999999,1175.8,ok
deserialize_schema_off,float-heavy,10,2,2365,1182.5,ok
deserialize_schema_off,float-heavy,11,2,2447.4000000000001,1223.7,ok
deserialize_schema_off,float-heavy,12,2,2390.0999999999999,1195.05,ok
deserialize_schema_off,float-heavy,13,2,2374.4000000000001,1187.2,ok
deserialize_schema_off,float-heavy,14,2,2337.6999999999998,1168.8499999999999,ok
deserialize_schema_off,float-heavy,15,2,2358.5999999999999,1179.3,ok
deserialize_schema_off,float-heavy,16,2,2384.8000000000002,1192.4000000000001,ok
deserialize_schema_off,float-heavy,17,2,2319.0999999999999,1159.55,ok
deserialize_schema_off,float-heavy,18,2,2526.5999999999999,1263.3,ok
deserialize_schema_off,float-heavy,19,2,2455.9000000000001,1227.95,ok
deserialize_schema_off,float-heavy,20,2,2313.0999999999999,1156.55,ok
deserialize_schema_off,float-heavy,21,2,2312.5999999999999,1156.3,ok
deserialize_schema_off,float-heavy,22,2,2299.4000000000001,1149.7,ok
deserialize_schema_off,float-heavy,23,2,2300.5,1150.25,ok
deserialize_schema_off,float-heavy,24,2,2310,1155,ok
deserialize_schema_off,float-heavy,25,2,2559.1999999999998,1279.5999999999999,ok
deserialize_schema_off,float-heavy,26,2,2347.8000000000002,1173.9000000000001,ok
deserialize_schema_off,float-heavy,27,2,2371.5,1185.75,ok
deserialize_schema_off,float-heavy,28,2,2297.9000000000001,1148.95,ok
deserialize_schema_off,float-heavy,29,2,2337.8000000000002,1168.9000000000001,ok
public_serialize,float-heavy,0,2,1933,966.5,ok
public_serialize,float-heavy,1,2,1928.4000000000001,964.20000000000005,ok
public_serialize,float-heavy,2,2,1930.7,965.35000000000002,ok
public_serialize,float-heavy,3,2,1962.2,981.10000000000002,ok
public_serialize,float-heavy,4,2,2028.5999999999999,1014.3,ok
public_serialize,float-heavy,5,2,2017.4000000000001,1008.7,ok
public_serialize,float-heavy,6,2,1933.9000000000001,966.95000000000005,ok
public_serialize,float-heavy,7,2,1928.8,964.39999999999998,ok
public_serialize,float-heavy,8,2,1926.5,963.25,ok
public_serialize,float-heavy,9,2,1918.0999999999999,959.04999999999995,ok
public_serialize,float-heavy,10,2,1925,962.5,ok
public_serialize,float-heavy,11,2,1929.9000000000001,964.95000000000005,ok
public_serialize,float-heavy,12,2,1925.2,962.60000000000002,ok
public_serialize,float-heavy,13,2,2136,1068,ok
public_serialize,float-heavy,14,2,1978.5999999999999,989.29999999999995,ok
public_serialize,float-heavy,15,2,1932.0999999999999,966.04999999999995,ok
public_serialize,float-heavy,16,2,1930.3,965.14999999999998,ok
public_serialize,float-heavy,17,2,1927.5,963.75,ok
public_serialize,float-heavy,18,2,1928.5999999999999,964.29999999999995,ok
public_serialize,float-heavy,19,2,1956.5999999999999,978.29999999999995,ok
public_serialize,float-heavy,20,2,1947.8,973.89999999999998,ok
public_serialize,float-heavy,21,2,2282.6999999999998,1141.3499999999999,ok
public_serialize,float-heavy,22,2,1996.3,998.14999999999998,ok
public_serialize,float-heavy,23,2,1978.9000000000001,989.45000000000005,ok
public_serialize,float-heavy,24,2,1991.0999999999999,995.54999999999995,ok
public_serialize,float-heavy,25,2,2054.0999999999999,1027.05,ok
public_serialize,float-heavy,26,2,1959,979.5,ok
public_serialize,float-heavy,27,2,1929.9000000000001,964.95000000000005,ok
public_serialize,float-heavy,28,2,1928.9000000000001,964.45000000000005,ok
public_serialize,float-heavy,29,2,2250.4000000000001,1125.2,ok
end_to_end,float-heavy,0,2,14970,7485,ok
end_to_end,float-heavy,1,2,14636.4,7318.1999999999998,ok
end_to_end,float-heavy,2,2,14604.799999999999,7302.3999999999996,ok
end_to_end,float-heavy,3,2,14846.5,7423.25,ok
end_to_end,float-heavy,4,2,14608.1,7304.0500000000002,ok
end_to_end,float-heavy,5,2,14942.1,7471.0500000000002,ok
end_to_end,float-heavy,6,2,15099.200000000001,7549.6000000000004,ok
end_to_end,float-heavy,7,2,18976,9488,ok
end_to_end,float-heavy,8,2,18467.599999999999,9233.7999999999993,ok
end_to_end,float-heavy,9,2,15382.9,7691.4499999999998,ok
end_to_end,float-heavy,10,2,15042.9,7521.4499999999998,ok
end_to_end,float-heavy,11,2,14842,7421,ok
end_to_end,float-heavy,12,2,15799.299999999999,7899.6499999999996,ok
end_to_end,float-heavy,13,2,19627.799999999999,9813.8999999999996,ok
end_to_end,float-heavy,14,2,15486.299999999999,7743.1499999999996,ok
end_to_end,float-heavy,15,2,14809,7404.5,ok
end_to_end,float-heavy,16,2,15634,7817,ok
end_to_end,float-heavy,17,2,14830.6,7415.3000000000002,ok
end_to_end,float-heavy,18,2,14642.700000000001,7321.3500000000004,ok
end_to_end,float-heavy,19,2,15435.299999999999,7717.6499999999996,ok
end_to_end,float-heavy,20,2,14899.200000000001,7449.6000000000004,ok
end_to_end,float-heavy,21,2,14617.799999999999,7308.8999999999996,ok
end_to_end,float-heavy,22,2,14567.6,7283.8000000000002,ok
end_to_end,float-heavy,23,2,14573.5,7286.75,ok
end_to_end,float-heavy,24,2,14516.5,7258.25,ok
end_to_end,float-heavy,25,2,14830.200000000001,7415.1000000000004,ok
end_to_end,float-heavy,26,2,22066.599999999999,11033.299999999999,ok
end_to_end,float-heavy,27,2,14840.299999999999,7420.1499999999996,ok
end_to_end,float-heavy,28,2,15515.1,7757.5500000000002,ok
end_to_end,float-heavy,29,2,20025.200000000001,10012.6,ok
deserialize_schema_on,extension-heavy,0,10,41974.400000000001,4197.4400000000005,ok
deserialize_schema_on,extension-heavy,1,10,40305,4030.5,ok
deserialize_schema_on,extension-heavy,2,10,45696.300000000003,4569.6300000000001,ok
deserialize_schema_on,extension-heavy,3,10,41544.5,4154.4499999999998,ok
deserialize_schema_on,extension-heavy,4,10,42540.800000000003,4254.0799999999999,ok
deserialize_schema_on,extension-heavy,5,10,40553.599999999999,4055.3599999999997,ok
deserialize_schema_on,extension-heavy,6,10,40374.800000000003,4037.4800000000005,ok
deserialize_schema_on,extension-heavy,7,10,44603.199999999997,4460.3199999999997,ok
deserialize_schema_on,extension-heavy,8,10,40472.300000000003,4047.2300000000005,ok
deserialize_schema_on,extension-heavy,9,10,41398.800000000003,4139.8800000000001,ok
deserialize_schema_on,extension-heavy,10,10,40247.800000000003,4024.7800000000002,ok
deserialize_schema_on,extension-heavy,11,10,52734.800000000003,5273.4800000000005,ok
deserialize_schema_on,extension-heavy,12,10,42158.099999999999,4215.8099999999995,ok
deserialize_schema_on,extension-heavy,13,10,47593.300000000003,4759.3299999999999,ok
deserialize_schema_on,extension-heavy,14,10,41324.800000000003,4132.4800000000005,ok
deserialize_schema_on,extension-heavy,15,10,40433.800000000003,4043.3800000000001,ok
deserialize_schema_on,extension-heavy,16,10,40942.300000000003,4094.2300000000005,ok
deserialize_schema_on,extension-heavy,17,10,41508.400000000001,4150.8400000000001,ok
deserialize_schema_on,extension-heavy,18,10,41238.099999999999,4123.8099999999995,ok
deserialize_schema_on,extension-heavy,19,10,41395.300000000003,4139.5300000000007,ok
deserialize_schema_on,extension-heavy,20,10,41806.300000000003,4180.6300000000001,ok
deserialize_schema_on,extension-heavy,21,10,46173.400000000001,4617.3400000000001,ok
deserialize_schema_on,extension-heavy,22,10,46242.800000000003,4624.2800000000007,ok
deserialize_schema_on,extension-heavy,23,10,43313.199999999997,4331.3199999999997,ok
deserialize_schema_on,extension-heavy,24,10,41742.400000000001,4174.2399999999998,ok
deserialize_schema_on,extension-heavy,25,10,40738.699999999997,4073.8699999999999,ok
deserialize_schema_on,extension-heavy,26,10,40602.900000000001,4060.29,ok
deserialize_schema_on,extension-heavy,27,10,43568.5,4356.8500000000004,ok
deserialize_schema_on,extension-heavy,28,10,56330.800000000003,5633.0799999999999,ok
deserialize_schema_on,extension-heavy,29,10,43275.800000000003,4327.5799999999999,ok
deserialize_schema_off,extension-heavy,0,10,397.80000000000001,39.780000000000001,ok
deserialize_schema_off,extension-heavy,1,10,398.5,39.850000000000001,ok
deserialize_schema_off,extension-heavy,2,10,411,41.100000000000001,ok
deserialize_schema_off,extension-heavy,3,10,404.89999999999998,40.489999999999995,ok
deserialize_schema_off,extension-heavy,4,10,408.89999999999998,40.890000000000001,ok
deserialize_schema_off,extension-heavy,5,10,396.5,39.649999999999999,ok
deserialize_schema_off,extension-heavy,6,10,397.69999999999999,39.769999999999996,ok
deserialize_schema_off,extension-heavy,7,10,408.60000000000002,40.859999999999999,ok
deserialize_schema_off,extension-heavy,8,10,403.30000000000001,40.329999999999998,ok
deserialize_schema_off,extension-heavy,9,10,410.30000000000001,41.030000000000001,ok
deserialize_schema_off,extension-heavy,10,10,397,39.700000000000003,ok
deserialize_schema_off,extension-heavy,11,10,396.39999999999998,39.640000000000001,ok
deserialize_schema_off,extension-heavy,12,10,409.39999999999998,40.939999999999998,ok
deserialize_schema_off,extension-heavy,13,10,402.89999999999998,40.289999999999999,ok
deserialize_schema_off,extension-heavy,14,10,409.19999999999999,40.920000000000002,ok
deserialize_schema_off,extension-heavy,15,10,395.80000000000001,39.579999999999998,ok
deserialize_schema_off,extension-heavy,16,10,396,39.600000000000001,ok
deserialize_schema_off,extension-heavy,17,10,412.80000000000001,41.280000000000001,ok
deserialize_schema_off,extension-heavy,18,10,404.39999999999998,40.439999999999998,ok
deserialize_schema_off,extension-heavy,19,10,707.70000000000005,70.77000000000001,ok
deserialize_schema_off,extension-heavy,20,10,463.89999999999998,46.390000000000001,ok
deserialize_schema_off,extension-heavy,21,10,427.30000000000001,42.730000000000004,ok
deserialize_schema_off,extension-heavy,22,10,444.89999999999998,44.489999999999995,ok
deserialize_schema_off,extension-heavy,23,10,416,41.600000000000001,ok
deserialize_schema_off,extension-heavy,24,10,427.69999999999999,42.769999999999996,ok
deserialize_schema_off,extension-heavy,25,10,415.89999999999998,41.589999999999996,ok
deserialize_schema_off,extension-heavy,26,10,408.80000000000001,40.880000000000003,ok
deserialize_schema_off,extension-heavy,27,10,429.89999999999998,42.989999999999995,ok
deserialize_schema_off,extension-heavy,28,10,409.39999999999998,40.939999999999998,ok
deserialize_schema_off,extension-heavy,29,10,422.39999999999998,42.239999999999995,ok
public_serialize,extension-heavy,0,10,126.7,12.67,ok
public_serialize,extension-heavy,1,10,145.40000000000001,14.540000000000001,ok
public_serialize,extension-heavy,2,10,126.2,12.620000000000001,ok
public_serialize,extension-heavy,3,10,126.40000000000001,12.640000000000001,ok
public_serialize,extension-heavy,4,10,126,12.6,ok
public_serialize,extension-heavy,5,10,126.40000000000001,12.640000000000001,ok
public_serialize,extension-heavy,6,10,126.8,12.68,ok
public_serialize,extension-heavy,7,10,126.09999999999999,12.609999999999999,ok
public_serialize,extension-heavy,8,10,137.30000000000001,13.73,ok
public_serialize,extension-heavy,9,10,127.2,12.720000000000001,ok
public_serialize,extension-heavy,10,10,126.2,12.620000000000001,ok
public_serialize,extension-heavy,11,10,127.2,12.720000000000001,ok
public_serialize,extension-heavy,12,10,126.59999999999999,12.66,ok
public_serialize,extension-heavy,13,10,126.3,12.629999999999999,ok
public_serialize,extension-heavy,14,10,126.40000000000001,12.640000000000001,ok
public_serialize,extension-heavy,15,10,126.59999999999999,12.66,ok
public_serialize,extension-heavy,16,10,138.30000000000001,13.830000000000002,ok
public_serialize,extension-heavy,17,10,131.30000000000001,13.130000000000001,ok
public_serialize,extension-heavy,18,10,126.5,12.65,ok
public_serialize,extension-heavy,19,10,126.8,12.68,ok
public_serialize,extension-heavy,20,10,126.7,12.67,ok
public_serialize,extension-heavy,21,10,126.8,12.68,ok
public_serialize,extension-heavy,22,10,126.5,12.65,ok
public_serialize,extension-heavy,23,10,126.5,12.65,ok
public_serialize,extension-heavy,24,10,139.09999999999999,13.91,ok
public_serialize,extension-heavy,25,10,126.5,12.65,ok
public_serialize,extension-heavy,26,10,126.5,12.65,ok
public_serialize,extension-heavy,27,10,126.5,12.65,ok
public_serialize,extension-heavy,28,10,126.90000000000001,12.690000000000001,ok
public_serialize,extension-heavy,29,10,126.5,12.65,ok
end_to_end,extension-heavy,0,10,76822.100000000006,7682.2100000000009,ok
end_to_end,extension-heavy,1,10,50127.5,5012.75,ok
end_to_end,extension-heavy,2,10,50380.599999999999,5038.0599999999995,ok
end_to_end,extension-heavy,3,10,42702.599999999999,4270.2600000000002,ok
end_to_end,extension-heavy,4,10,41739.199999999997,4173.9200000000001,ok
end_to_end,extension-heavy,5,10,43310.199999999997,4331.0199999999995,ok
end_to_end,extension-heavy,6,10,42277.300000000003,4227.7300000000005,ok
end_to_end,extension-heavy,7,10,43055.099999999999,4305.5100000000002,ok
end_to_end,extension-heavy,8,10,42037.5,4203.75,ok
end_to_end,extension-heavy,9,10,44172.599999999999,4417.2600000000002,ok
end_to_end,extension-heavy,10,10,42011.199999999997,4201.1199999999999,ok
end_to_end,extension-heavy,11,10,42317.400000000001,4231.7399999999998,ok
end_to_end,extension-heavy,12,10,43571.699999999997,4357.1700000000001,ok
end_to_end,extension-heavy,13,10,40920.800000000003,4092.0800000000004,ok
end_to_end,extension-heavy,14,10,41431,4143.1000000000004,ok
end_to_end,extension-heavy,15,10,40871.800000000003,4087.1800000000003,ok
end_to_end,extension-heavy,16,10,41510.599999999999,4151.0599999999995,ok
end_to_end,extension-heavy,17,10,49651.699999999997,4965.1700000000001,ok
end_to_end,extension-heavy,18,10,44130.5,4413.0500000000002,ok
end_to_end,extension-heavy,19,10,41634.599999999999,4163.46,ok
end_to_end,extension-heavy,20,10,40724.400000000001,4072.4400000000001,ok
end_to_end,extension-heavy,21,10,41679.5,4167.9499999999998,ok
end_to_end,extension-heavy,22,10,40854.300000000003,4085.4300000000003,ok
end_to_end,extension-heavy,23,10,42978.800000000003,4297.8800000000001,ok
end_to_end,extension-heavy,24,10,41946.900000000001,4194.6900000000005,ok
end_to_end,extension-heavy,25,10,41861.099999999999,4186.1099999999997,ok
end_to_end,extension-heavy,26,10,51441.5,5144.1499999999996,ok
end_to_end,extension-heavy,27,10,45227.099999999999,4522.71,ok
end_to_end,extension-heavy,28,10,41200.599999999999,4120.0599999999995,ok
end_to_end,extension-heavy,29,10,40114.800000000003,4011.4800000000005,ok
