cohort,implementation,source_commit,case_id,asset,format,operation,sample,order_seed,elapsed_us,input_bytes,output_directory,semantic_status
current-before,nlohmann-2.0.0-baseline,15e30d85b320669527d49071be17847335a2f661,NodePerformanceTest-glb,NodePerformanceTest,glb,roundtrip,1,3901,20974225.800000001,37986536,E:\Base3D\glTF-SDK-T39-profile\Built\Int\t39-results\baseline-before\sample-1\NodePerformanceTest-glb-roundtrip,ok
current-before,nlohmann-2.0.0-baseline,15e30d85b320669527d49071be17847335a2f661,ABeautifulGame-draco-glb,ABeautifulGame,glb,roundtrip,1,3901,128229.39999999999,12105252,E:\Base3D\glTF-SDK-T39-profile\Built\Int\t39-results\baseline-before\sample-1\ABeautifulGame-draco-glb-roundtrip,ok
current-before,nlohmann-2.0.0-baseline,15e30d85b320669527d49071be17847335a2f661,SpecularTest-glb,SpecularTest,glb,load,1,3901,7885.1999999999998,223376,,ok
current-before,nlohmann-2.0.0-baseline,15e30d85b320669527d49071be17847335a2f661,ABeautifulGame-glb,ABeautifulGame,glb,roundtrip,1,3901,412666.90000000002,42977928,E:\Base3D\glTF-SDK-T39-profile\Built\Int\t39-results\baseline-before\sample-1\ABeautifulGame-glb-roundtrip,ok
current-before,nlohmann-2.0.0-baseline,15e30d85b320669527d49071be17847335a2f661,ABeautifulGame-draco-glb,ABeautifulGame,glb,export,1,3901,90241.600000000006,12105252,E:\Base3D\glTF-SDK-T39-profile\Built\Int\t39-results\baseline-before\sample-1\ABeautifulGame-draco-glb-export,ok
current-before,nlohmann-2.0.0-baseline,15e30d85b320669527d49071be17847335a2f661,Avocado-glb,Avocado,glb,load,1,3901,52618,8110040,,ok
current-before,nlohmann-2.0.0-baseline,15e30d85b320669527d49071be17847335a2f661,Avocado-glb,Avocado,glb,roundtrip,1,3901,94415,8110040,E:\Base3D\glTF-SDK-T39-profile\Built\Int\t39-results\baseline-before\sample-1\Avocado-glb-roundtrip,ok
current-before,nlohmann-2.0.0-baseline,15e30d85b320669527d49071be17847335a2f661,ABeautifulGame-draco-glb,ABeautifulGame,glb,load,1,3901,42252.5,12105252,,ok
current-before,nlohmann-2.0.0-baseline,15e30d85b320669527d49071be17847335a2f661,NodePerformanceTest-glb,NodePerformanceTest,glb,export,1,3901,987596.40000000002,37986536,E:\Base3D\glTF-SDK-T39-profile\Built\Int\t39-results\baseline-before\sample-1\NodePerformanceTest-glb-export,ok
current-before,nlohmann-2.0.0-baseline,15e30d85b320669527d49071be17847335a2f661,SpecularTest-glb,SpecularTest,glb,export,1,3901,3246.0999999999999,223376,E:\Base3D\glTF-SDK-T39-profile\Built\Int\t39-results\baseline-before\sample-1\SpecularTest-glb-export,ok
current-before,nlohmann-2.0.0-baseline,15e30d85b320669527d49071be17847335a2f661,ABeautifulGame-glb,ABeautifulGame,glb,load,1,3901,87451.800000000003,42977928,,ok
current-before,nlohmann-2.0.0-baseline,15e30d85b320669527d49071be17847335a2f661,SpecularTest-glb,SpecularTest,glb,roundtrip,1,3901,11833.4,223376,E:\Base3D\glTF-SDK-T39-profile\Built\Int\t39-results\baseline-before\sample-1\SpecularTest-glb-roundtrip,ok
current-before,nlohmann-2.0.0-baseline,15e30d85b320669527d49071be17847335a2f661,Avocado-glb,Avocado,glb,export,1,3901,67356.800000000003,8110040,E:\Base3D\glTF-SDK-T39-profile\Built\Int\t39-results\baseline-before\sample-1\Avocado-glb-export,ok
current-before,nlohmann-2.0.0-baseline,15e30d85b320669527d49071be17847335a2f661,ABeautifulGame-glb,ABeautifulGame,glb,export,1,3901,268482.09999999998,42977928,E:\Base3D\glTF-SDK-T39-profile\Built\Int\t39-results\baseline-before\sample-1\ABeautifulGame-glb-export,ok
current-before,nlohmann-2.0.0-baseline,15e30d85b320669527d49071be17847335a2f661,NodePerformanceTest-glb,NodePerformanceTest,glb,load,1,3901,17426546.699999999,37986536,,ok
current-before,nlohmann-2.0.0-baseline,15e30d85b320669527d49071be17847335a2f661,NodePerformanceTest-glb,NodePerformanceTest,glb,load,2,3902,17738328.899999999,37986536,,ok
current-before,nlohmann-2.0.0-baseline,15e30d85b320669527d49071be17847335a2f661,Avocado-glb,Avocado,glb,load,2,3902,30420,8110040,,ok
current-before,nlohmann-2.0.0-baseline,15e30d85b320669527d49071be17847335a2f661,ABeautifulGame-glb,ABeautifulGame,glb,export,2,3902,285246.59999999998,42977928,E:\Base3D\glTF-SDK-T39-profile\Built\Int\t39-results\baseline-before\sample-2\ABeautifulGame-glb-export,ok
current-before,nlohmann-2.0.0-baseline,15e30d85b320669527d49071be17847335a2f661,NodePerformanceTest-glb,NodePerformanceTest,glb,roundtrip,2,3902,20750941.100000001,37986536,E:\Base3D\glTF-SDK-T39-profile\Built\Int\t39-results\baseline-before\sample-2\NodePerformanceTest-glb-roundtrip,ok
current-before,nlohmann-2.0.0-baseline,15e30d85b320669527d49071be17847335a2f661,Avocado-glb,Avocado,glb,export,2,3902,69181.699999999997,8110040,E:\Base3D\glTF-SDK-T39-profile\Built\Int\t39-results\baseline-before\sample-2\Avocado-glb-export,ok
current-before,nlohmann-2.0.0-baseline,15e30d85b320669527d49071be17847335a2f661,ABeautifulGame-draco-glb,ABeautifulGame,glb,roundtrip,2,3902,127864.89999999999,12105252,E:\Base3D\glTF-SDK-T39-profile\Built\Int\t39-results\baseline-before\sample-2\ABeautifulGame-draco-glb-roundtrip,ok
current-before,nlohmann-2.0.0-baseline,15e30d85b320669527d49071be17847335a2f661,NodePerformanceTest-glb,NodePerformanceTest,glb,export,2,3902,1022107,37986536,E:\Base3D\glTF-SDK-T39-profile\Built\Int\t39-results\baseline-before\sample-2\NodePerformanceTest-glb-export,ok
current-before,nlohmann-2.0.0-baseline,15e30d85b320669527d49071be17847335a2f661,Avocado-glb,Avocado,glb,roundtrip,2,3902,76080.5,8110040,E:\Base3D\glTF-SDK-T39-profile\Built\Int\t39-results\baseline-before\sample-2\Avocado-glb-roundtrip,ok
current-before,nlohmann-2.0.0-baseline,15e30d85b320669527d49071be17847335a2f661,ABeautifulGame-draco-glb,ABeautifulGame,glb,load,2,3902,42248.5,12105252,,ok
current-before,nlohmann-2.0.0-baseline,15e30d85b320669527d49071be17847335a2f661,ABeautifulGame-glb,ABeautifulGame,glb,roundtrip,2,3902,397932.70000000001,42977928,E:\Base3D\glTF-SDK-T39-profile\Built\Int\t39-results\baseline-before\sample-2\ABeautifulGame-glb-roundtrip,ok
current-before,nlohmann-2.0.0-baseline,15e30d85b320669527d49071be17847335a2f661,SpecularTest-glb,SpecularTest,glb,roundtrip,2,3902,15660.5,223376,E:\Base3D\glTF-SDK-T39-profile\Built\Int\t39-results\baseline-before\sample-2\SpecularTest-glb-roundtrip,ok
current-before,nlohmann-2.0.0-baseline,15e30d85b320669527d49071be17847335a2f661,ABeautifulGame-glb,ABeautifulGame,glb,load,2,3902,107979.89999999999,42977928,,ok
current-before,nlohmann-2.0.0-baseline,15e30d85b320669527d49071be17847335a2f661,SpecularTest-glb,SpecularTest,glb,load,2,3902,11236.1,223376,,ok
current-before,nlohmann-2.0.0-baseline,15e30d85b320669527d49071be17847335a2f661,SpecularTest-glb,SpecularTest,glb,export,2,3902,2977.1999999999998,223376,E:\Base3D\glTF-SDK-T39-profile\Built\Int\t39-results\baseline-before\sample-2\SpecularTest-glb-export,ok
current-before,nlohmann-2.0.0-baseline,15e30d85b320669527d49071be17847335a2f661,ABeautifulGame-draco-glb,ABeautifulGame,glb,export,2,3902,85610.199999999997,12105252,E:\Base3D\glTF-SDK-T39-profile\Built\Int\t39-results\baseline-before\sample-2\ABeautifulGame-draco-glb-export,ok
current-before,nlohmann-2.0.0-baseline,15e30d85b320669527d49071be17847335a2f661,SpecularTest-glb,SpecularTest,glb,export,3,3903,3744.3000000000002,223376,E:\Base3D\glTF-SDK-T39-profile\Built\Int\t39-results\baseline-before\sample-3\SpecularTest-glb-export,ok
current-before,nlohmann-2.0.0-baseline,15e30d85b320669527d49071be17847335a2f661,NodePerformanceTest-glb,NodePerformanceTest,glb,export,3,3903,1226322.6000000001,37986536,E:\Base3D\glTF-SDK-T39-profile\Built\Int\t39-results\baseline-before\sample-3\NodePerformanceTest-glb-export,ok
current-before,nlohmann-2.0.0-baseline,15e30d85b320669527d49071be17847335a2f661,SpecularTest-glb,SpecularTest,glb,roundtrip,3,3903,17384.099999999999,223376,E:\Base3D\glTF-SDK-T39-profile\Built\Int\t39-results\baseline-before\sample-3\SpecularTest-glb-roundtrip,ok
current-before,nlohmann-2.0.0-baseline,15e30d85b320669527d49071be17847335a2f661,ABeautifulGame-draco-glb,ABeautifulGame,glb,roundtrip,3,3903,135207.70000000001,12105252,E:\Base3D\glTF-SDK-T39-profile\Built\Int\t39-results\baseline-before\sample-3\ABeautifulGame-draco-glb-roundtrip,ok
current-before,nlohmann-2.0.0-baseline,15e30d85b320669527d49071be17847335a2f661,ABeautifulGame-draco-glb,ABeautifulGame,glb,load,3,3903,41150.199999999997,12105252,,ok
current-before,nlohmann-2.0.0-baseline,15e30d85b320669527d49071be17847335a2f661,ABeautifulGame-draco-glb,ABeautifulGame,glb,export,3,3903,103260,12105252,E:\Base3D\glTF-SDK-T39-profile\Built\Int\t39-results\baseline-before\sample-3\ABeautifulGame-draco-glb-export,ok
current-before,nlohmann-2.0.0-baseline,15e30d85b320669527d49071be17847335a2f661,NodePerformanceTest-glb,NodePerformanceTest,glb,roundtrip,3,3903,19267840.600000001,37986536,E:\Base3D\glTF-SDK-T39-profile\Built\Int\t39-results\baseline-before\sample-3\NodePerformanceTest-glb-roundtrip,ok
current-before,nlohmann-2.0.0-baseline,15e30d85b320669527d49071be17847335a2f661,ABeautifulGame-glb,ABeautifulGame,glb,load,3,3903,133941.20000000001,42977928,,ok
current-before,nlohmann-2.0.0-baseline,15e30d85b320669527d49071be17847335a2f661,ABeautifulGame-glb,ABeautifulGame,glb,roundtrip,3,3903,584572.19999999995,42977928,E:\Base3D\glTF-SDK-T39-profile\Built\Int\t39-results\baseline-before\sample-3\ABeautifulGame-glb-roundtrip,ok
current-before,nlohmann-2.0.0-baseline,15e30d85b320669527d49071be17847335a2f661,ABeautifulGame-glb,ABeautifulGame,glb,export,3,3903,533001.19999999995,42977928,E:\Base3D\glTF-SDK-T39-profile\Built\Int\t39-results\baseline-before\sample-3\ABeautifulGame-glb-export,ok
current-before,nlohmann-2.0.0-baseline,15e30d85b320669527d49071be17847335a2f661,Avocado-glb,Avocado,glb,export,3,3903,85000,8110040,E:\Base3D\glTF-SDK-T39-profile\Built\Int\t39-results\baseline-before\sample-3\Avocado-glb-export,ok
current-before,nlohmann-2.0.0-baseline,15e30d85b320669527d49071be17847335a2f661,NodePerformanceTest-glb,NodePerformanceTest,glb,load,3,3903,19105271.899999999,37986536,,ok
current-before,nlohmann-2.0.0-baseline,15e30d85b320669527d49071be17847335a2f661,SpecularTest-glb,SpecularTest,glb,load,3,3903,9857,223376,,ok
current-before,nlohmann-2.0.0-baseline,15e30d85b320669527d49071be17847335a2f661,Avocado-glb,Avocado,glb,roundtrip,3,3903,77889.199999999997,8110040,E:\Base3D\glTF-SDK-T39-profile\Built\Int\t39-results\baseline-before\sample-3\Avocado-glb-roundtrip,ok
current-before,nlohmann-2.0.0-baseline,15e30d85b320669527d49071be17847335a2f661,Avocado-glb,Avocado,glb,load,3,3903,34356.099999999999,8110040,,ok
current-after,nlohmann-2.0.0-baseline-after,15e30d85b320669527d49071be17847335a2f661,NodePerformanceTest-glb,NodePerformanceTest,glb,export,1,3991,899892.59999999998,37986536,E:\Base3D\glTF-SDK-T39-profile\Built\Int\t39-results\baseline-after\sample-1\NodePerformanceTest-glb-export,ok
current-after,nlohmann-2.0.0-baseline-after,15e30d85b320669527d49071be17847335a2f661,ABeautifulGame-glb,ABeautifulGame,glb,roundtrip,1,3991,329391.20000000001,42977928,E:\Base3D\glTF-SDK-T39-profile\Built\Int\t39-results\baseline-after\sample-1\ABeautifulGame-glb-roundtrip,ok
current-after,nlohmann-2.0.0-baseline-after,15e30d85b320669527d49071be17847335a2f661,SpecularTest-glb,SpecularTest,glb,roundtrip,1,3991,10497.1,223376,E:\Base3D\glTF-SDK-T39-profile\Built\Int\t39-results\baseline-after\sample-1\SpecularTest-glb-roundtrip,ok
current-after,nlohmann-2.0.0-baseline-after,15e30d85b320669527d49071be17847335a2f661,NodePerformanceTest-glb,NodePerformanceTest,glb,roundtrip,1,3991,16050342.5,37986536,E:\Base3D\glTF-SDK-T39-profile\Built\Int\t39-results\baseline-after\sample-1\NodePerformanceTest-glb-roundtrip,ok
current-after,nlohmann-2.0.0-baseline-after,15e30d85b320669527d49071be17847335a2f661,SpecularTest-glb,SpecularTest,glb,export,1,3991,2910.9000000000001,223376,E:\Base3D\glTF-SDK-T39-profile\Built\Int\t39-results\baseline-after\sample-1\SpecularTest-glb-export,ok
current-after,nlohmann-2.0.0-baseline-after,15e30d85b320669527d49071be17847335a2f661,ABeautifulGame-glb,ABeautifulGame,glb,export,1,3991,246319.70000000001,42977928,E:\Base3D\glTF-SDK-T39-profile\Built\Int\t39-results\baseline-after\sample-1\ABeautifulGame-glb-export,ok
current-after,nlohmann-2.0.0-baseline-after,15e30d85b320669527d49071be17847335a2f661,ABeautifulGame-draco-glb,ABeautifulGame,glb,roundtrip,1,3991,106450.89999999999,12105252,E:\Base3D\glTF-SDK-T39-profile\Built\Int\t39-results\baseline-after\sample-1\ABeautifulGame-draco-glb-roundtrip,ok
current-after,nlohmann-2.0.0-baseline-after,15e30d85b320669527d49071be17847335a2f661,ABeautifulGame-glb,ABeautifulGame,glb,load,1,3991,79767.800000000003,42977928,,ok
current-after,nlohmann-2.0.0-baseline-after,15e30d85b320669527d49071be17847335a2f661,Avocado-glb,Avocado,glb,load,1,3991,22746.299999999999,8110040,,ok
current-after,nlohmann-2.0.0-baseline-after,15e30d85b320669527d49071be17847335a2f661,Avocado-glb,Avocado,glb,roundtrip,1,3991,82784.100000000006,8110040,E:\Base3D\glTF-SDK-T39-profile\Built\Int\t39-results\baseline-after\sample-1\Avocado-glb-roundtrip,ok
current-after,nlohmann-2.0.0-baseline-after,15e30d85b320669527d49071be17847335a2f661,ABeautifulGame-draco-glb,ABeautifulGame,glb,load,1,3991,36323.900000000001,12105252,,ok
current-after,nlohmann-2.0.0-baseline-after,15e30d85b320669527d49071be17847335a2f661,ABeautifulGame-draco-glb,ABeautifulGame,glb,export,1,3991,69612.300000000003,12105252,E:\Base3D\glTF-SDK-T39-profile\Built\Int\t39-results\baseline-after\sample-1\ABeautifulGame-draco-glb-export,ok
current-after,nlohmann-2.0.0-baseline-after,15e30d85b320669527d49071be17847335a2f661,NodePerformanceTest-glb,NodePerformanceTest,glb,load,1,3991,15227115.699999999,37986536,,ok
current-after,nlohmann-2.0.0-baseline-after,15e30d85b320669527d49071be17847335a2f661,SpecularTest-glb,SpecularTest,glb,load,1,3991,8377.1000000000004,223376,,ok
current-after,nlohmann-2.0.0-baseline-after,15e30d85b320669527d49071be17847335a2f661,Avocado-glb,Avocado,glb,export,1,3991,56586,8110040,E:\Base3D\glTF-SDK-T39-profile\Built\Int\t39-results\baseline-after\sample-1\Avocado-glb-export,ok
current-after,nlohmann-2.0.0-baseline-after,15e30d85b320669527d49071be17847335a2f661,Avocado-glb,Avocado,glb,export,2,3992,49368.5,8110040,E:\Base3D\glTF-SDK-T39-profile\Built\Int\t39-results\baseline-after\sample-2\Avocado-glb-export,ok
current-after,nlohmann-2.0.0-baseline-after,15e30d85b320669527d49071be17847335a2f661,Avocado-glb,Avocado,glb,roundtrip,2,3992,73743.399999999994,8110040,E:\Base3D\glTF-SDK-T39-profile\Built\Int\t39-results\baseline-after\sample-2\Avocado-glb-roundtrip,ok
current-after,nlohmann-2.0.0-baseline-after,15e30d85b320669527d49071be17847335a2f661,SpecularTest-glb,SpecularTest,glb,roundtrip,2,3992,10258.6,223376,E:\Base3D\glTF-SDK-T39-profile\Built\Int\t39-results\baseline-after\sample-2\SpecularTest-glb-roundtrip,ok
current-after,nlohmann-2.0.0-baseline-after,15e30d85b320669527d49071be17847335a2f661,ABeautifulGame-glb,ABeautifulGame,glb,roundtrip,2,3992,336847.79999999999,42977928,E:\Base3D\glTF-SDK-T39-profile\Built\Int\t39-results\baseline-after\sample-2\ABeautifulGame-glb-roundtrip,ok
current-after,nlohmann-2.0.0-baseline-after,15e30d85b320669527d49071be17847335a2f661,SpecularTest-glb,SpecularTest,glb,load,2,3992,7637.3999999999996,223376,,ok
current-after,nlohmann-2.0.0-baseline-after,15e30d85b320669527d49071be17847335a2f661,ABeautifulGame-glb,ABeautifulGame,glb,load,2,3992,84233.5,42977928,,ok
current-after,nlohmann-2.0.0-baseline-after,15e30d85b320669527d49071be17847335a2f661,SpecularTest-glb,SpecularTest,glb,export,2,3992,2843.9000000000001,223376,E:\Base3D\glTF-SDK-T39-profile\Built\Int\t39-results\baseline-after\sample-2\SpecularTest-glb-export,ok
current-after,nlohmann-2.0.0-baseline-after,15e30d85b320669527d49071be17847335a2f661,NodePerformanceTest-glb,NodePerformanceTest,glb,load,2,3992,15202488.300000001,37986536,,ok
current-after,nlohmann-2.0.0-baseline-after,15e30d85b320669527d49071be17847335a2f661,ABeautifulGame-draco-glb,ABeautifulGame,glb,roundtrip,2,3992,112780.7,12105252,E:\Base3D\glTF-SDK-T39-profile\Built\Int\t39-results\baseline-after\sample-2\ABeautifulGame-draco-glb-roundtrip,ok
current-after,nlohmann-2.0.0-baseline-after,15e30d85b320669527d49071be17847335a2f661,NodePerformanceTest-glb,NodePerformanceTest,glb,roundtrip,2,3992,16265886.5,37986536,E:\Base3D\glTF-SDK-T39-profile\Built\Int\t39-results\baseline-after\sample-2\NodePerformanceTest-glb-roundtrip,ok
current-after,nlohmann-2.0.0-baseline-after,15e30d85b320669527d49071be17847335a2f661,ABeautifulGame-draco-glb,ABeautifulGame,glb,export,2,3992,82631,12105252,E:\Base3D\glTF-SDK-T39-profile\Built\Int\t39-results\baseline-after\sample-2\ABeautifulGame-draco-glb-export,ok
current-after,nlohmann-2.0.0-baseline-after,15e30d85b320669527d49071be17847335a2f661,Avocado-glb,Avocado,glb,load,2,3992,23541.900000000001,8110040,,ok
current-after,nlohmann-2.0.0-baseline-after,15e30d85b320669527d49071be17847335a2f661,ABeautifulGame-glb,ABeautifulGame,glb,export,2,3992,272408.20000000001,42977928,E:\Base3D\glTF-SDK-T39-profile\Built\Int\t39-results\baseline-after\sample-2\ABeautifulGame-glb-export,ok
current-after,nlohmann-2.0.0-baseline-after,15e30d85b320669527d49071be17847335a2f661,ABeautifulGame-draco-glb,ABeautifulGame,glb,load,2,3992,37684.800000000003,12105252,,ok
current-after,nlohmann-2.0.0-baseline-after,15e30d85b320669527d49071be17847335a2f661,NodePerformanceTest-glb,NodePerformanceTest,glb,export,2,3992,838461.40000000002,37986536,E:\Base3D\glTF-SDK-T39-profile\Built\Int\t39-results\baseline-after\sample-2\NodePerformanceTest-glb-export,ok
current-after,nlohmann-2.0.0-baseline-after,15e30d85b320669527d49071be17847335a2f661,SpecularTest-glb,SpecularTest,glb,roundtrip,3,3993,11953.200000000001,223376,E:\Base3D\glTF-SDK-T39-profile\Built\Int\t39-results\baseline-after\sample-3\SpecularTest-glb-roundtrip,ok
current-after,nlohmann-2.0.0-baseline-after,15e30d85b320669527d49071be17847335a2f661,ABeautifulGame-glb,ABeautifulGame,glb,export,3,3993,256690.29999999999,42977928,E:\Base3D\glTF-SDK-T39-profile\Built\Int\t39-results\baseline-after\sample-3\ABeautifulGame-glb-export,ok
current-after,nlohmann-2.0.0-baseline-after,15e30d85b320669527d49071be17847335a2f661,Avocado-glb,Avocado,glb,load,3,3993,23598.400000000001,8110040,,ok
current-after,nlohmann-2.0.0-baseline-after,15e30d85b320669527d49071be17847335a2f661,ABeautifulGame-draco-glb,ABeautifulGame,glb,roundtrip,3,3993,112254.5,12105252,E:\Base3D\glTF-SDK-T39-profile\Built\Int\t39-results\baseline-after\sample-3\ABeautifulGame-draco-glb-roundtrip,ok
current-after,nlohmann-2.0.0-baseline-after,15e30d85b320669527d49071be17847335a2f661,NodePerformanceTest-glb,NodePerformanceTest,glb,load,3,3993,15378364.199999999,37986536,,ok
current-after,nlohmann-2.0.0-baseline-after,15e30d85b320669527d49071be17847335a2f661,ABeautifulGame-draco-glb,ABeautifulGame,glb,export,3,3993,71211.300000000003,12105252,E:\Base3D\glTF-SDK-T39-profile\Built\Int\t39-results\baseline-after\sample-3\ABeautifulGame-draco-glb-export,ok
current-after,nlohmann-2.0.0-baseline-after,15e30d85b320669527d49071be17847335a2f661,NodePerformanceTest-glb,NodePerformanceTest,glb,export,3,3993,917521.59999999998,37986536,E:\Base3D\glTF-SDK-T39-profile\Built\Int\t39-results\baseline-after\sample-3\NodePerformanceTest-glb-export,ok
current-after,nlohmann-2.0.0-baseline-after,15e30d85b320669527d49071be17847335a2f661,ABeautifulGame-glb,ABeautifulGame,glb,load,3,3993,86650.899999999994,42977928,,ok
current-after,nlohmann-2.0.0-baseline-after,15e30d85b320669527d49071be17847335a2f661,Avocado-glb,Avocado,glb,export,3,3993,48195.099999999999,8110040,E:\Base3D\glTF-SDK-T39-profile\Built\Int\t39-results\baseline-after\sample-3\Avocado-glb-export,ok
current-after,nlohmann-2.0.0-baseline-after,15e30d85b320669527d49071be17847335a2f661,ABeautifulGame-glb,ABeautifulGame,glb,roundtrip,3,3993,329490.70000000001,42977928,E:\Base3D\glTF-SDK-T39-profile\Built\Int\t39-results\baseline-after\sample-3\ABeautifulGame-glb-roundtrip,ok
current-after,nlohmann-2.0.0-baseline-after,15e30d85b320669527d49071be17847335a2f661,ABeautifulGame-draco-glb,ABeautifulGame,glb,load,3,3993,35809.199999999997,12105252,,ok
current-after,nlohmann-2.0.0-baseline-after,15e30d85b320669527d49071be17847335a2f661,Avocado-glb,Avocado,glb,roundtrip,3,3993,69388.899999999994,8110040,E:\Base3D\glTF-SDK-T39-profile\Built\Int\t39-results\baseline-after\sample-3\Avocado-glb-roundtrip,ok
current-after,nlohmann-2.0.0-baseline-after,15e30d85b320669527d49071be17847335a2f661,SpecularTest-glb,SpecularTest,glb,export,3,3993,2727.0999999999999,223376,E:\Base3D\glTF-SDK-T39-profile\Built\Int\t39-results\baseline-after\sample-3\SpecularTest-glb-export,ok
current-after,nlohmann-2.0.0-baseline-after,15e30d85b320669527d49071be17847335a2f661,NodePerformanceTest-glb,NodePerformanceTest,glb,roundtrip,3,3993,16053997.4,37986536,E:\Base3D\glTF-SDK-T39-profile\Built\Int\t39-results\baseline-after\sample-3\NodePerformanceTest-glb-roundtrip,ok
current-after,nlohmann-2.0.0-baseline-after,15e30d85b320669527d49071be17847335a2f661,SpecularTest-glb,SpecularTest,glb,load,3,3993,7897.1000000000004,223376,,ok
rapidjson-fresh,rapidjson-1.9.5-reproduction,743b7ecd749a53e8d848db56839752a65205e915,Avocado-glb,Avocado,glb,load,1,39101,28742.599999999999,8110040,,ok
rapidjson-fresh,rapidjson-1.9.5-reproduction,743b7ecd749a53e8d848db56839752a65205e915,ABeautifulGame-draco-glb,ABeautifulGame,glb,export,1,39101,72537.600000000006,12105252,E:\Base3D\glTF-SDK-T39-profile\Built\Int\t39-results\rapidjson-reproduction\sample-1\ABeautifulGame-draco-glb-export,ok
rapidjson-fresh,rapidjson-1.9.5-reproduction,743b7ecd749a53e8d848db56839752a65205e915,NodePerformanceTest-glb,NodePerformanceTest,glb,load,1,39101,1812369.5,37986536,,ok
rapidjson-fresh,rapidjson-1.9.5-reproduction,743b7ecd749a53e8d848db56839752a65205e915,SpecularTest-glb,SpecularTest,glb,load,1,39101,4785.1999999999998,223376,,ok
rapidjson-fresh,rapidjson-1.9.5-reproduction,743b7ecd749a53e8d848db56839752a65205e915,ABeautifulGame-glb,ABeautifulGame,glb,load,1,39101,80213,42977928,,ok
rapidjson-fresh,rapidjson-1.9.5-reproduction,743b7ecd749a53e8d848db56839752a65205e915,ABeautifulGame-draco-glb,ABeautifulGame,glb,roundtrip,1,39101,103766.8,12105252,E:\Base3D\glTF-SDK-T39-profile\Built\Int\t39-results\rapidjson-reproduction\sample-1\ABeautifulGame-draco-glb-roundtrip,ok
rapidjson-fresh,rapidjson-1.9.5-reproduction,743b7ecd749a53e8d848db56839752a65205e915,NodePerformanceTest-glb,NodePerformanceTest,glb,export,1,39101,324214.20000000001,37986536,E:\Base3D\glTF-SDK-T39-profile\Built\Int\t39-results\rapidjson-reproduction\sample-1\NodePerformanceTest-glb-export,ok
rapidjson-fresh,rapidjson-1.9.5-reproduction,743b7ecd749a53e8d848db56839752a65205e915,ABeautifulGame-draco-glb,ABeautifulGame,glb,load,1,39101,33772.199999999997,12105252,,ok
rapidjson-fresh,rapidjson-1.9.5-reproduction,743b7ecd749a53e8d848db56839752a65205e915,Avocado-glb,Avocado,glb,export,1,39101,51416,8110040,E:\Base3D\glTF-SDK-T39-profile\Built\Int\t39-results\rapidjson-reproduction\sample-1\Avocado-glb-export,ok
rapidjson-fresh,rapidjson-1.9.5-reproduction,743b7ecd749a53e8d848db56839752a65205e915,ABeautifulGame-glb,ABeautifulGame,glb,export,1,39101,252207.39999999999,42977928,E:\Base3D\glTF-SDK-T39-profile\Built\Int\t39-results\rapidjson-reproduction\sample-1\ABeautifulGame-glb-export,ok
rapidjson-fresh,rapidjson-1.9.5-reproduction,743b7ecd749a53e8d848db56839752a65205e915,NodePerformanceTest-glb,NodePerformanceTest,glb,roundtrip,1,39101,2176707.5,37986536,E:\Base3D\glTF-SDK-T39-profile\Built\Int\t39-results\rapidjson-reproduction\sample-1\NodePerformanceTest-glb-roundtrip,ok
rapidjson-fresh,rapidjson-1.9.5-reproduction,743b7ecd749a53e8d848db56839752a65205e915,SpecularTest-glb,SpecularTest,glb,roundtrip,1,39101,7592.8000000000002,223376,E:\Base3D\glTF-SDK-T39-profile\Built\Int\t39-results\rapidjson-reproduction\sample-1\SpecularTest-glb-roundtrip,ok
rapidjson-fresh,rapidjson-1.9.5-reproduction,743b7ecd749a53e8d848db56839752a65205e915,SpecularTest-glb,SpecularTest,glb,export,1,39101,2213.4000000000001,223376,E:\Base3D\glTF-SDK-T39-profile\Built\Int\t39-results\rapidjson-reproduction\sample-1\SpecularTest-glb-export,ok
rapidjson-fresh,rapidjson-1.9.5-reproduction,743b7ecd749a53e8d848db56839752a65205e915,ABeautifulGame-glb,ABeautifulGame,glb,roundtrip,1,39101,379961.09999999998,42977928,E:\Base3D\glTF-SDK-T39-profile\Built\Int\t39-results\rapidjson-reproduction\sample-1\ABeautifulGame-glb-roundtrip,ok
rapidjson-fresh,rapidjson-1.9.5-reproduction,743b7ecd749a53e8d848db56839752a65205e915,Avocado-glb,Avocado,glb,roundtrip,1,39101,68408.800000000003,8110040,E:\Base3D\glTF-SDK-T39-profile\Built\Int\t39-results\rapidjson-reproduction\sample-1\Avocado-glb-roundtrip,ok
rapidjson-fresh,rapidjson-1.9.5-reproduction,743b7ecd749a53e8d848db56839752a65205e915,ABeautifulGame-glb,ABeautifulGame,glb,roundtrip,2,39102,351457.79999999999,42977928,E:\Base3D\glTF-SDK-T39-profile\Built\Int\t39-results\rapidjson-reproduction\sample-2\ABeautifulGame-glb-roundtrip,ok
rapidjson-fresh,rapidjson-1.9.5-reproduction,743b7ecd749a53e8d848db56839752a65205e915,NodePerformanceTest-glb,NodePerformanceTest,glb,export,2,39102,303758.70000000001,37986536,E:\Base3D\glTF-SDK-T39-profile\Built\Int\t39-results\rapidjson-reproduction\sample-2\NodePerformanceTest-glb-export,ok
rapidjson-fresh,rapidjson-1.9.5-reproduction,743b7ecd749a53e8d848db56839752a65205e915,SpecularTest-glb,SpecularTest,glb,export,2,39102,2383.0999999999999,223376,E:\Base3D\glTF-SDK-T39-profile\Built\Int\t39-results\rapidjson-reproduction\sample-2\SpecularTest-glb-export,ok
rapidjson-fresh,rapidjson-1.9.5-reproduction,743b7ecd749a53e8d848db56839752a65205e915,Avocado-glb,Avocado,glb,export,2,39102,47342.099999999999,8110040,E:\Base3D\glTF-SDK-T39-profile\Built\Int\t39-results\rapidjson-reproduction\sample-2\Avocado-glb-export,ok
rapidjson-fresh,rapidjson-1.9.5-reproduction,743b7ecd749a53e8d848db56839752a65205e915,Avocado-glb,Avocado,glb,load,2,39102,21349.099999999999,8110040,,ok
rapidjson-fresh,rapidjson-1.9.5-reproduction,743b7ecd749a53e8d848db56839752a65205e915,ABeautifulGame-draco-glb,ABeautifulGame,glb,roundtrip,2,39102,105921,12105252,E:\Base3D\glTF-SDK-T39-profile\Built\Int\t39-results\rapidjson-reproduction\sample-2\ABeautifulGame-draco-glb-roundtrip,ok
rapidjson-fresh,rapidjson-1.9.5-reproduction,743b7ecd749a53e8d848db56839752a65205e915,ABeautifulGame-draco-glb,ABeautifulGame,glb,export,2,39102,81385.100000000006,12105252,E:\Base3D\glTF-SDK-T39-profile\Built\Int\t39-results\rapidjson-reproduction\sample-2\ABeautifulGame-draco-glb-export,ok
rapidjson-fresh,rapidjson-1.9.5-reproduction,743b7ecd749a53e8d848db56839752a65205e915,ABeautifulGame-draco-glb,ABeautifulGame,glb,load,2,39102,33385.5,12105252,,ok
rapidjson-fresh,rapidjson-1.9.5-reproduction,743b7ecd749a53e8d848db56839752a65205e915,SpecularTest-glb,SpecularTest,glb,load,2,39102,4464.8000000000002,223376,,ok
rapidjson-fresh,rapidjson-1.9.5-reproduction,743b7ecd749a53e8d848db56839752a65205e915,NodePerformanceTest-glb,NodePerformanceTest,glb,roundtrip,2,39102,2207077.1000000001,37986536,E:\Base3D\glTF-SDK-T39-profile\Built\Int\t39-results\rapidjson-reproduction\sample-2\NodePerformanceTest-glb-roundtrip,ok
rapidjson-fresh,rapidjson-1.9.5-reproduction,743b7ecd749a53e8d848db56839752a65205e915,Avocado-glb,Avocado,glb,roundtrip,2,39102,70040,8110040,E:\Base3D\glTF-SDK-T39-profile\Built\Int\t39-results\rapidjson-reproduction\sample-2\Avocado-glb-roundtrip,ok
rapidjson-fresh,rapidjson-1.9.5-reproduction,743b7ecd749a53e8d848db56839752a65205e915,ABeautifulGame-glb,ABeautifulGame,glb,export,2,39102,249540.60000000001,42977928,E:\Base3D\glTF-SDK-T39-profile\Built\Int\t39-results\rapidjson-reproduction\sample-2\ABeautifulGame-glb-export,ok
rapidjson-fresh,rapidjson-1.9.5-reproduction,743b7ecd749a53e8d848db56839752a65205e915,NodePerformanceTest-glb,NodePerformanceTest,glb,load,2,39102,1818708.2,37986536,,ok
rapidjson-fresh,rapidjson-1.9.5-reproduction,743b7ecd749a53e8d848db56839752a65205e915,SpecularTest-glb,SpecularTest,glb,roundtrip,2,39102,6714,223376,E:\Base3D\glTF-SDK-T39-profile\Built\Int\t39-results\rapidjson-reproduction\sample-2\SpecularTest-glb-roundtrip,ok
rapidjson-fresh,rapidjson-1.9.5-reproduction,743b7ecd749a53e8d848db56839752a65205e915,ABeautifulGame-glb,ABeautifulGame,glb,load,2,39102,76067.300000000003,42977928,,ok
rapidjson-fresh,rapidjson-1.9.5-reproduction,743b7ecd749a53e8d848db56839752a65205e915,Avocado-glb,Avocado,glb,export,3,39103,47029,8110040,E:\Base3D\glTF-SDK-T39-profile\Built\Int\t39-results\rapidjson-reproduction\sample-3\Avocado-glb-export,ok
rapidjson-fresh,rapidjson-1.9.5-reproduction,743b7ecd749a53e8d848db56839752a65205e915,SpecularTest-glb,SpecularTest,glb,load,3,39103,4940.3000000000002,223376,,ok
rapidjson-fresh,rapidjson-1.9.5-reproduction,743b7ecd749a53e8d848db56839752a65205e915,ABeautifulGame-draco-glb,ABeautifulGame,glb,export,3,39103,71591.5,12105252,E:\Base3D\glTF-SDK-T39-profile\Built\Int\t39-results\rapidjson-reproduction\sample-3\ABeautifulGame-draco-glb-export,ok
rapidjson-fresh,rapidjson-1.9.5-reproduction,743b7ecd749a53e8d848db56839752a65205e915,ABeautifulGame-draco-glb,ABeautifulGame,glb,load,3,39103,48244.800000000003,12105252,,ok
rapidjson-fresh,rapidjson-1.9.5-reproduction,743b7ecd749a53e8d848db56839752a65205e915,ABeautifulGame-glb,ABeautifulGame,glb,load,3,39103,88013.899999999994,42977928,,ok
rapidjson-fresh,rapidjson-1.9.5-reproduction,743b7ecd749a53e8d848db56839752a65205e915,NodePerformanceTest-glb,NodePerformanceTest,glb,roundtrip,3,39103,2146606.5,37986536,E:\Base3D\glTF-SDK-T39-profile\Built\Int\t39-results\rapidjson-reproduction\sample-3\NodePerformanceTest-glb-roundtrip,ok
rapidjson-fresh,rapidjson-1.9.5-reproduction,743b7ecd749a53e8d848db56839752a65205e915,Avocado-glb,Avocado,glb,roundtrip,3,39103,67497.399999999994,8110040,E:\Base3D\glTF-SDK-T39-profile\Built\Int\t39-results\rapidjson-reproduction\sample-3\Avocado-glb-roundtrip,ok
rapidjson-fresh,rapidjson-1.9.5-reproduction,743b7ecd749a53e8d848db56839752a65205e915,ABeautifulGame-glb,ABeautifulGame,glb,export,3,39103,259198,42977928,E:\Base3D\glTF-SDK-T39-profile\Built\Int\t39-results\rapidjson-reproduction\sample-3\ABeautifulGame-glb-export,ok
rapidjson-fresh,rapidjson-1.9.5-reproduction,743b7ecd749a53e8d848db56839752a65205e915,Avocado-glb,Avocado,glb,load,3,39103,21292,8110040,,ok
rapidjson-fresh,rapidjson-1.9.5-reproduction,743b7ecd749a53e8d848db56839752a65205e915,SpecularTest-glb,SpecularTest,glb,export,3,39103,2187.5999999999999,223376,E:\Base3D\glTF-SDK-T39-profile\Built\Int\t39-results\rapidjson-reproduction\sample-3\SpecularTest-glb-export,ok
rapidjson-fresh,rapidjson-1.9.5-reproduction,743b7ecd749a53e8d848db56839752a65205e915,ABeautifulGame-glb,ABeautifulGame,glb,roundtrip,3,39103,337996.29999999999,42977928,E:\Base3D\glTF-SDK-T39-profile\Built\Int\t39-results\rapidjson-reproduction\sample-3\ABeautifulGame-glb-roundtrip,ok
rapidjson-fresh,rapidjson-1.9.5-reproduction,743b7ecd749a53e8d848db56839752a65205e915,SpecularTest-glb,SpecularTest,glb,roundtrip,3,39103,6938.3999999999996,223376,E:\Base3D\glTF-SDK-T39-profile\Built\Int\t39-results\rapidjson-reproduction\sample-3\SpecularTest-glb-roundtrip,ok
rapidjson-fresh,rapidjson-1.9.5-reproduction,743b7ecd749a53e8d848db56839752a65205e915,NodePerformanceTest-glb,NodePerformanceTest,glb,load,3,39103,1843192.6000000001,37986536,,ok
rapidjson-fresh,rapidjson-1.9.5-reproduction,743b7ecd749a53e8d848db56839752a65205e915,NodePerformanceTest-glb,NodePerformanceTest,glb,export,3,39103,319721,37986536,E:\Base3D\glTF-SDK-T39-profile\Built\Int\t39-results\rapidjson-reproduction\sample-3\NodePerformanceTest-glb-export,ok
rapidjson-fresh,rapidjson-1.9.5-reproduction,743b7ecd749a53e8d848db56839752a65205e915,ABeautifulGame-draco-glb,ABeautifulGame,glb,roundtrip,3,39103,104462.60000000001,12105252,E:\Base3D\glTF-SDK-T39-profile\Built\Int\t39-results\rapidjson-reproduction\sample-3\ABeautifulGame-draco-glb-roundtrip,ok
clean-spike,clean-strongest-spike,15e30d85b320669527d49071be17847335a2f661,ABeautifulGame-glb,ABeautifulGame,glb,export,1,39201,265787.5,42977928,E:\Base3D\glTF-SDK-T39-profile\Built\Int\t39-results\final\public-clean-spike\sample-1\ABeautifulGame-glb-export,ok
clean-spike,clean-strongest-spike,15e30d85b320669527d49071be17847335a2f661,NodePerformanceTest-glb,NodePerformanceTest,glb,export,1,39201,925080.09999999998,37986536,E:\Base3D\glTF-SDK-T39-profile\Built\Int\t39-results\final\public-clean-spike\sample-1\NodePerformanceTest-glb-export,ok
clean-spike,clean-strongest-spike,15e30d85b320669527d49071be17847335a2f661,Avocado-glb,Avocado,glb,export,1,39201,47673.400000000001,8110040,E:\Base3D\glTF-SDK-T39-profile\Built\Int\t39-results\final\public-clean-spike\sample-1\Avocado-glb-export,ok
clean-spike,clean-strongest-spike,15e30d85b320669527d49071be17847335a2f661,ABeautifulGame-glb,ABeautifulGame,glb,load,1,39201,80443.399999999994,42977928,,ok
clean-spike,clean-strongest-spike,15e30d85b320669527d49071be17847335a2f661,NodePerformanceTest-glb,NodePerformanceTest,glb,load,1,39201,1965722.6000000001,37986536,,ok
clean-spike,clean-strongest-spike,15e30d85b320669527d49071be17847335a2f661,Avocado-glb,Avocado,glb,load,1,39201,23273.599999999999,8110040,,ok
clean-spike,clean-strongest-spike,15e30d85b320669527d49071be17847335a2f661,ABeautifulGame-draco-glb,ABeautifulGame,glb,load,1,39201,35931,12105252,,ok
clean-spike,clean-strongest-spike,15e30d85b320669527d49071be17847335a2f661,SpecularTest-glb,SpecularTest,glb,export,1,39201,2811.0999999999999,223376,E:\Base3D\glTF-SDK-T39-profile\Built\Int\t39-results\final\public-clean-spike\sample-1\SpecularTest-glb-export,ok
clean-spike,clean-strongest-spike,15e30d85b320669527d49071be17847335a2f661,Avocado-glb,Avocado,glb,roundtrip,1,39201,70330.800000000003,8110040,E:\Base3D\glTF-SDK-T39-profile\Built\Int\t39-results\final\public-clean-spike\sample-1\Avocado-glb-roundtrip,ok
clean-spike,clean-strongest-spike,15e30d85b320669527d49071be17847335a2f661,ABeautifulGame-draco-glb,ABeautifulGame,glb,export,1,39201,85699.600000000006,12105252,E:\Base3D\glTF-SDK-T39-profile\Built\Int\t39-results\final\public-clean-spike\sample-1\ABeautifulGame-draco-glb-export,ok
clean-spike,clean-strongest-spike,15e30d85b320669527d49071be17847335a2f661,SpecularTest-glb,SpecularTest,glb,roundtrip,1,39201,10260.200000000001,223376,E:\Base3D\glTF-SDK-T39-profile\Built\Int\t39-results\final\public-clean-spike\sample-1\SpecularTest-glb-roundtrip,ok
clean-spike,clean-strongest-spike,15e30d85b320669527d49071be17847335a2f661,NodePerformanceTest-glb,NodePerformanceTest,glb,roundtrip,1,39201,2774323,37986536,E:\Base3D\glTF-SDK-T39-profile\Built\Int\t39-results\final\public-clean-spike\sample-1\NodePerformanceTest-glb-roundtrip,ok
clean-spike,clean-strongest-spike,15e30d85b320669527d49071be17847335a2f661,ABeautifulGame-draco-glb,ABeautifulGame,glb,roundtrip,1,39201,108755.89999999999,12105252,E:\Base3D\glTF-SDK-T39-profile\Built\Int\t39-results\final\public-clean-spike\sample-1\ABeautifulGame-draco-glb-roundtrip,ok
clean-spike,clean-strongest-spike,15e30d85b320669527d49071be17847335a2f661,SpecularTest-glb,SpecularTest,glb,load,1,39201,7252.3999999999996,223376,,ok
clean-spike,clean-strongest-spike,15e30d85b320669527d49071be17847335a2f661,ABeautifulGame-glb,ABeautifulGame,glb,roundtrip,1,39201,343545.29999999999,42977928,E:\Base3D\glTF-SDK-T39-profile\Built\Int\t39-results\final\public-clean-spike\sample-1\ABeautifulGame-glb-roundtrip,ok
clean-spike,clean-strongest-spike,15e30d85b320669527d49071be17847335a2f661,ABeautifulGame-draco-glb,ABeautifulGame,glb,roundtrip,10,39210,107548.2,12105252,E:\Base3D\glTF-SDK-T39-profile\Built\Int\t39-results\final\public-clean-spike\sample-10\ABeautifulGame-draco-glb-roundtrip,ok
clean-spike,clean-strongest-spike,15e30d85b320669527d49071be17847335a2f661,ABeautifulGame-glb,ABeautifulGame,glb,roundtrip,10,39210,382045.40000000002,42977928,E:\Base3D\glTF-SDK-T39-profile\Built\Int\t39-results\final\public-clean-spike\sample-10\ABeautifulGame-glb-roundtrip,ok
clean-spike,clean-strongest-spike,15e30d85b320669527d49071be17847335a2f661,ABeautifulGame-draco-glb,ABeautifulGame,glb,export,10,39210,71485.5,12105252,E:\Base3D\glTF-SDK-T39-profile\Built\Int\t39-results\final\public-clean-spike\sample-10\ABeautifulGame-draco-glb-export,ok
clean-spike,clean-strongest-spike,15e30d85b320669527d49071be17847335a2f661,ABeautifulGame-glb,ABeautifulGame,glb,export,10,39210,254564.70000000001,42977928,E:\Base3D\glTF-SDK-T39-profile\Built\Int\t39-results\final\public-clean-spike\sample-10\ABeautifulGame-glb-export,ok
clean-spike,clean-strongest-spike,15e30d85b320669527d49071be17847335a2f661,SpecularTest-glb,SpecularTest,glb,export,10,39210,2837.4000000000001,223376,E:\Base3D\glTF-SDK-T39-profile\Built\Int\t39-results\final\public-clean-spike\sample-10\SpecularTest-glb-export,ok
clean-spike,clean-strongest-spike,15e30d85b320669527d49071be17847335a2f661,Avocado-glb,Avocado,glb,roundtrip,10,39210,68242.800000000003,8110040,E:\Base3D\glTF-SDK-T39-profile\Built\Int\t39-results\final\public-clean-spike\sample-10\Avocado-glb-roundtrip,ok
clean-spike,clean-strongest-spike,15e30d85b320669527d49071be17847335a2f661,Avocado-glb,Avocado,glb,load,10,39210,23594.599999999999,8110040,,ok
clean-spike,clean-strongest-spike,15e30d85b320669527d49071be17847335a2f661,NodePerformanceTest-glb,NodePerformanceTest,glb,roundtrip,10,39210,2951914.6000000001,37986536,E:\Base3D\glTF-SDK-T39-profile\Built\Int\t39-results\final\public-clean-spike\sample-10\NodePerformanceTest-glb-roundtrip,ok
clean-spike,clean-strongest-spike,15e30d85b320669527d49071be17847335a2f661,SpecularTest-glb,SpecularTest,glb,load,10,39210,7771.8999999999996,223376,,ok
clean-spike,clean-strongest-spike,15e30d85b320669527d49071be17847335a2f661,NodePerformanceTest-glb,NodePerformanceTest,glb,export,10,39210,908017.19999999995,37986536,E:\Base3D\glTF-SDK-T39-profile\Built\Int\t39-results\final\public-clean-spike\sample-10\NodePerformanceTest-glb-export,ok
clean-spike,clean-strongest-spike,15e30d85b320669527d49071be17847335a2f661,ABeautifulGame-glb,ABeautifulGame,glb,load,10,39210,81278.800000000003,42977928,,ok
clean-spike,clean-strongest-spike,15e30d85b320669527d49071be17847335a2f661,SpecularTest-glb,SpecularTest,glb,roundtrip,10,39210,10236.6,223376,E:\Base3D\glTF-SDK-T39-profile\Built\Int\t39-results\final\public-clean-spike\sample-10\SpecularTest-glb-roundtrip,ok
clean-spike,clean-strongest-spike,15e30d85b320669527d49071be17847335a2f661,NodePerformanceTest-glb,NodePerformanceTest,glb,load,10,39210,1910195.5,37986536,,ok
clean-spike,clean-strongest-spike,15e30d85b320669527d49071be17847335a2f661,ABeautifulGame-draco-glb,ABeautifulGame,glb,load,10,39210,36564,12105252,,ok
clean-spike,clean-strongest-spike,15e30d85b320669527d49071be17847335a2f661,Avocado-glb,Avocado,glb,export,10,39210,46437,8110040,E:\Base3D\glTF-SDK-T39-profile\Built\Int\t39-results\final\public-clean-spike\sample-10\Avocado-glb-export,ok
clean-spike,clean-strongest-spike,15e30d85b320669527d49071be17847335a2f661,ABeautifulGame-draco-glb,ABeautifulGame,glb,load,2,39202,36937.300000000003,12105252,,ok
clean-spike,clean-strongest-spike,15e30d85b320669527d49071be17847335a2f661,ABeautifulGame-draco-glb,ABeautifulGame,glb,export,2,39202,71109,12105252,E:\Base3D\glTF-SDK-T39-profile\Built\Int\t39-results\final\public-clean-spike\sample-2\ABeautifulGame-draco-glb-export,ok
clean-spike,clean-strongest-spike,15e30d85b320669527d49071be17847335a2f661,ABeautifulGame-draco-glb,ABeautifulGame,glb,roundtrip,2,39202,116271.3,12105252,E:\Base3D\glTF-SDK-T39-profile\Built\Int\t39-results\final\public-clean-spike\sample-2\ABeautifulGame-draco-glb-roundtrip,ok
clean-spike,clean-strongest-spike,15e30d85b320669527d49071be17847335a2f661,SpecularTest-glb,SpecularTest,glb,roundtrip,2,39202,10371.799999999999,223376,E:\Base3D\glTF-SDK-T39-profile\Built\Int\t39-results\final\public-clean-spike\sample-2\SpecularTest-glb-roundtrip,ok
clean-spike,clean-strongest-spike,15e30d85b320669527d49071be17847335a2f661,NodePerformanceTest-glb,NodePerformanceTest,glb,roundtrip,2,39202,2917538.3999999999,37986536,E:\Base3D\glTF-SDK-T39-profile\Built\Int\t39-results\final\public-clean-spike\sample-2\NodePerformanceTest-glb-roundtrip,ok
clean-spike,clean-strongest-spike,15e30d85b320669527d49071be17847335a2f661,Avocado-glb,Avocado,glb,export,2,39202,49424.199999999997,8110040,E:\Base3D\glTF-SDK-T39-profile\Built\Int\t39-results\final\public-clean-spike\sample-2\Avocado-glb-export,ok
clean-spike,clean-strongest-spike,15e30d85b320669527d49071be17847335a2f661,Avocado-glb,Avocado,glb,load,2,39202,22893,8110040,,ok
clean-spike,clean-strongest-spike,15e30d85b320669527d49071be17847335a2f661,SpecularTest-glb,SpecularTest,glb,load,2,39202,7660.1000000000004,223376,,ok
clean-spike,clean-strongest-spike,15e30d85b320669527d49071be17847335a2f661,Avocado-glb,Avocado,glb,roundtrip,2,39202,69019.199999999997,8110040,E:\Base3D\glTF-SDK-T39-profile\Built\Int\t39-results\final\public-clean-spike\sample-2\Avocado-glb-roundtrip,ok
clean-spike,clean-strongest-spike,15e30d85b320669527d49071be17847335a2f661,SpecularTest-glb,SpecularTest,glb,export,2,39202,2881.9000000000001,223376,E:\Base3D\glTF-SDK-T39-profile\Built\Int\t39-results\final\public-clean-spike\sample-2\SpecularTest-glb-export,ok
clean-spike,clean-strongest-spike,15e30d85b320669527d49071be17847335a2f661,ABeautifulGame-glb,ABeautifulGame,glb,roundtrip,2,39202,336003.70000000001,42977928,E:\Base3D\glTF-SDK-T39-profile\Built\Int\t39-results\final\public-clean-spike\sample-2\ABeautifulGame-glb-roundtrip,ok
clean-spike,clean-strongest-spike,15e30d85b320669527d49071be17847335a2f661,ABeautifulGame-glb,ABeautifulGame,glb,export,2,39202,253447.79999999999,42977928,E:\Base3D\glTF-SDK-T39-profile\Built\Int\t39-results\final\public-clean-spike\sample-2\ABeautifulGame-glb-export,ok
clean-spike,clean-strongest-spike,15e30d85b320669527d49071be17847335a2f661,NodePerformanceTest-glb,NodePerformanceTest,glb,load,2,39202,1921246.3999999999,37986536,,ok
clean-spike,clean-strongest-spike,15e30d85b320669527d49071be17847335a2f661,ABeautifulGame-glb,ABeautifulGame,glb,load,2,39202,81485.600000000006,42977928,,ok
clean-spike,clean-strongest-spike,15e30d85b320669527d49071be17847335a2f661,NodePerformanceTest-glb,NodePerformanceTest,glb,export,2,39202,868616.69999999995,37986536,E:\Base3D\glTF-SDK-T39-profile\Built\Int\t39-results\final\public-clean-spike\sample-2\NodePerformanceTest-glb-export,ok
clean-spike,clean-strongest-spike,15e30d85b320669527d49071be17847335a2f661,Avocado-glb,Avocado,glb,export,3,39203,55282.5,8110040,E:\Base3D\glTF-SDK-T39-profile\Built\Int\t39-results\final\public-clean-spike\sample-3\Avocado-glb-export,ok
clean-spike,clean-strongest-spike,15e30d85b320669527d49071be17847335a2f661,SpecularTest-glb,SpecularTest,glb,export,3,39203,2761.5,223376,E:\Base3D\glTF-SDK-T39-profile\Built\Int\t39-results\final\public-clean-spike\sample-3\SpecularTest-glb-export,ok
clean-spike,clean-strongest-spike,15e30d85b320669527d49071be17847335a2f661,ABeautifulGame-glb,ABeautifulGame,glb,load,3,39203,84203,42977928,,ok
clean-spike,clean-strongest-spike,15e30d85b320669527d49071be17847335a2f661,Avocado-glb,Avocado,glb,roundtrip,3,39203,77336.300000000003,8110040,E:\Base3D\glTF-SDK-T39-profile\Built\Int\t39-results\final\public-clean-spike\sample-3\Avocado-glb-roundtrip,ok
clean-spike,clean-strongest-spike,15e30d85b320669527d49071be17847335a2f661,ABeautifulGame-draco-glb,ABeautifulGame,glb,export,3,39203,73020.399999999994,12105252,E:\Base3D\glTF-SDK-T39-profile\Built\Int\t39-results\final\public-clean-spike\sample-3\ABeautifulGame-draco-glb-export,ok
clean-spike,clean-strongest-spike,15e30d85b320669527d49071be17847335a2f661,ABeautifulGame-draco-glb,ABeautifulGame,glb,load,3,39203,36163.800000000003,12105252,,ok
clean-spike,clean-strongest-spike,15e30d85b320669527d49071be17847335a2f661,ABeautifulGame-glb,ABeautifulGame,glb,roundtrip,3,39203,370548.59999999998,42977928,E:\Base3D\glTF-SDK-T39-profile\Built\Int\t39-results\final\public-clean-spike\sample-3\ABeautifulGame-glb-roundtrip,ok
clean-spike,clean-strongest-spike,15e30d85b320669527d49071be17847335a2f661,ABeautifulGame-glb,ABeautifulGame,glb,export,3,39203,275321,42977928,E:\Base3D\glTF-SDK-T39-profile\Built\Int\t39-results\final\public-clean-spike\sample-3\ABeautifulGame-glb-export,ok
clean-spike,clean-strongest-spike,15e30d85b320669527d49071be17847335a2f661,SpecularTest-glb,SpecularTest,glb,roundtrip,3,39203,10738,223376,E:\Base3D\glTF-SDK-T39-profile\Built\Int\t39-results\final\public-clean-spike\sample-3\SpecularTest-glb-roundtrip,ok
clean-spike,clean-strongest-spike,15e30d85b320669527d49071be17847335a2f661,SpecularTest-glb,SpecularTest,glb,load,3,39203,7524.8000000000002,223376,,ok
clean-spike,clean-strongest-spike,15e30d85b320669527d49071be17847335a2f661,NodePerformanceTest-glb,NodePerformanceTest,glb,export,3,39203,923124.80000000005,37986536,E:\Base3D\glTF-SDK-T39-profile\Built\Int\t39-results\final\public-clean-spike\sample-3\NodePerformanceTest-glb-export,ok
clean-spike,clean-strongest-spike,15e30d85b320669527d49071be17847335a2f661,ABeautifulGame-draco-glb,ABeautifulGame,glb,roundtrip,3,39203,109330.7,12105252,E:\Base3D\glTF-SDK-T39-profile\Built\Int\t39-results\final\public-clean-spike\sample-3\ABeautifulGame-draco-glb-roundtrip,ok
clean-spike,clean-strongest-spike,15e30d85b320669527d49071be17847335a2f661,Avocado-glb,Avocado,glb,load,3,39203,25036.099999999999,8110040,,ok
clean-spike,clean-strongest-spike,15e30d85b320669527d49071be17847335a2f661,NodePerformanceTest-glb,NodePerformanceTest,glb,roundtrip,3,39203,2814288.8999999999,37986536,E:\Base3D\glTF-SDK-T39-profile\Built\Int\t39-results\final\public-clean-spike\sample-3\NodePerformanceTest-glb-roundtrip,ok
clean-spike,clean-strongest-spike,15e30d85b320669527d49071be17847335a2f661,NodePerformanceTest-glb,NodePerformanceTest,glb,load,3,39203,1900403,37986536,,ok
clean-spike,clean-strongest-spike,15e30d85b320669527d49071be17847335a2f661,ABeautifulGame-draco-glb,ABeautifulGame,glb,export,4,39204,74453.100000000006,12105252,E:\Base3D\glTF-SDK-T39-profile\Built\Int\t39-results\final\public-clean-spike\sample-4\ABeautifulGame-draco-glb-export,ok
clean-spike,clean-strongest-spike,15e30d85b320669527d49071be17847335a2f661,NodePerformanceTest-glb,NodePerformanceTest,glb,roundtrip,4,39204,2894795.7000000002,37986536,E:\Base3D\glTF-SDK-T39-profile\Built\Int\t39-results\final\public-clean-spike\sample-4\NodePerformanceTest-glb-roundtrip,ok
clean-spike,clean-strongest-spike,15e30d85b320669527d49071be17847335a2f661,ABeautifulGame-draco-glb,ABeautifulGame,glb,load,4,39204,35893.800000000003,12105252,,ok
clean-spike,clean-strongest-spike,15e30d85b320669527d49071be17847335a2f661,SpecularTest-glb,SpecularTest,glb,load,4,39204,7457.8999999999996,223376,,ok
clean-spike,clean-strongest-spike,15e30d85b320669527d49071be17847335a2f661,SpecularTest-glb,SpecularTest,glb,export,4,39204,2723,223376,E:\Base3D\glTF-SDK-T39-profile\Built\Int\t39-results\final\public-clean-spike\sample-4\SpecularTest-glb-export,ok
clean-spike,clean-strongest-spike,15e30d85b320669527d49071be17847335a2f661,ABeautifulGame-glb,ABeautifulGame,glb,load,4,39204,80635.199999999997,42977928,,ok
clean-spike,clean-strongest-spike,15e30d85b320669527d49071be17847335a2f661,NodePerformanceTest-glb,NodePerformanceTest,glb,export,4,39204,859020.69999999995,37986536,E:\Base3D\glTF-SDK-T39-profile\Built\Int\t39-results\final\public-clean-spike\sample-4\NodePerformanceTest-glb-export,ok
clean-spike,clean-strongest-spike,15e30d85b320669527d49071be17847335a2f661,SpecularTest-glb,SpecularTest,glb,roundtrip,4,39204,10978.5,223376,E:\Base3D\glTF-SDK-T39-profile\Built\Int\t39-results\final\public-clean-spike\sample-4\SpecularTest-glb-roundtrip,ok
clean-spike,clean-strongest-spike,15e30d85b320669527d49071be17847335a2f661,ABeautifulGame-glb,ABeautifulGame,glb,roundtrip,4,39204,344524.70000000001,42977928,E:\Base3D\glTF-SDK-T39-profile\Built\Int\t39-results\final\public-clean-spike\sample-4\ABeautifulGame-glb-roundtrip,ok
clean-spike,clean-strongest-spike,15e30d85b320669527d49071be17847335a2f661,Avocado-glb,Avocado,glb,roundtrip,4,39204,77843.600000000006,8110040,E:\Base3D\glTF-SDK-T39-profile\Built\Int\t39-results\final\public-clean-spike\sample-4\Avocado-glb-roundtrip,ok
clean-spike,clean-strongest-spike,15e30d85b320669527d49071be17847335a2f661,Avocado-glb,Avocado,glb,export,4,39204,47053,8110040,E:\Base3D\glTF-SDK-T39-profile\Built\Int\t39-results\final\public-clean-spike\sample-4\Avocado-glb-export,ok
clean-spike,clean-strongest-spike,15e30d85b320669527d49071be17847335a2f661,ABeautifulGame-draco-glb,ABeautifulGame,glb,roundtrip,4,39204,106750.39999999999,12105252,E:\Base3D\glTF-SDK-T39-profile\Built\Int\t39-results\final\public-clean-spike\sample-4\ABeautifulGame-draco-glb-roundtrip,ok
clean-spike,clean-strongest-spike,15e30d85b320669527d49071be17847335a2f661,ABeautifulGame-glb,ABeautifulGame,glb,export,4,39204,251796.89999999999,42977928,E:\Base3D\glTF-SDK-T39-profile\Built\Int\t39-results\final\public-clean-spike\sample-4\ABeautifulGame-glb-export,ok
clean-spike,clean-strongest-spike,15e30d85b320669527d49071be17847335a2f661,NodePerformanceTest-glb,NodePerformanceTest,glb,load,4,39204,1914456.8999999999,37986536,,ok
clean-spike,clean-strongest-spike,15e30d85b320669527d49071be17847335a2f661,Avocado-glb,Avocado,glb,load,4,39204,24760.099999999999,8110040,,ok
clean-spike,clean-strongest-spike,15e30d85b320669527d49071be17847335a2f661,ABeautifulGame-draco-glb,ABeautifulGame,glb,roundtrip,5,39205,122629.3,12105252,E:\Base3D\glTF-SDK-T39-profile\Built\Int\t39-results\final\public-clean-spike\sample-5\ABeautifulGame-draco-glb-roundtrip,ok
clean-spike,clean-strongest-spike,15e30d85b320669527d49071be17847335a2f661,ABeautifulGame-glb,ABeautifulGame,glb,export,5,39205,262145.20000000001,42977928,E:\Base3D\glTF-SDK-T39-profile\Built\Int\t39-results\final\public-clean-spike\sample-5\ABeautifulGame-glb-export,ok
clean-spike,clean-strongest-spike,15e30d85b320669527d49071be17847335a2f661,Avocado-glb,Avocado,glb,export,5,39205,46682.199999999997,8110040,E:\Base3D\glTF-SDK-T39-profile\Built\Int\t39-results\final\public-clean-spike\sample-5\Avocado-glb-export,ok
clean-spike,clean-strongest-spike,15e30d85b320669527d49071be17847335a2f661,NodePerformanceTest-glb,NodePerformanceTest,glb,load,5,39205,2003418.3,37986536,,ok
clean-spike,clean-strongest-spike,15e30d85b320669527d49071be17847335a2f661,Avocado-glb,Avocado,glb,load,5,39205,24399,8110040,,ok
clean-spike,clean-strongest-spike,15e30d85b320669527d49071be17847335a2f661,ABeautifulGame-glb,ABeautifulGame,glb,roundtrip,5,39205,344374.5,42977928,E:\Base3D\glTF-SDK-T39-profile\Built\Int\t39-results\final\public-clean-spike\sample-5\ABeautifulGame-glb-roundtrip,ok
clean-spike,clean-strongest-spike,15e30d85b320669527d49071be17847335a2f661,NodePerformanceTest-glb,NodePerformanceTest,glb,export,5,39205,895908.80000000005,37986536,E:\Base3D\glTF-SDK-T39-profile\Built\Int\t39-results\final\public-clean-spike\sample-5\NodePerformanceTest-glb-export,ok
clean-spike,clean-strongest-spike,15e30d85b320669527d49071be17847335a2f661,SpecularTest-glb,SpecularTest,glb,export,5,39205,2820.0999999999999,223376,E:\Base3D\glTF-SDK-T39-profile\Built\Int\t39-results\final\public-clean-spike\sample-5\SpecularTest-glb-export,ok
clean-spike,clean-strongest-spike,15e30d85b320669527d49071be17847335a2f661,ABeautifulGame-glb,ABeautifulGame,glb,load,5,39205,79824.199999999997,42977928,,ok
clean-spike,clean-strongest-spike,15e30d85b320669527d49071be17847335a2f661,ABeautifulGame-draco-glb,ABeautifulGame,glb,load,5,39205,36532.300000000003,12105252,,ok
clean-spike,clean-strongest-spike,15e30d85b320669527d49071be17847335a2f661,ABeautifulGame-draco-glb,ABeautifulGame,glb,export,5,39205,70178.800000000003,12105252,E:\Base3D\glTF-SDK-T39-profile\Built\Int\t39-results\final\public-clean-spike\sample-5\ABeautifulGame-draco-glb-export,ok
clean-spike,clean-strongest-spike,15e30d85b320669527d49071be17847335a2f661,NodePerformanceTest-glb,NodePerformanceTest,glb,roundtrip,5,39205,2767525.7999999998,37986536,E:\Base3D\glTF-SDK-T39-profile\Built\Int\t39-results\final\public-clean-spike\sample-5\NodePerformanceTest-glb-roundtrip,ok
clean-spike,clean-strongest-spike,15e30d85b320669527d49071be17847335a2f661,SpecularTest-glb,SpecularTest,glb,load,5,39205,7548.6000000000004,223376,,ok
clean-spike,clean-strongest-spike,15e30d85b320669527d49071be17847335a2f661,Avocado-glb,Avocado,glb,roundtrip,5,39205,76999,8110040,E:\Base3D\glTF-SDK-T39-profile\Built\Int\t39-results\final\public-clean-spike\sample-5\Avocado-glb-roundtrip,ok
clean-spike,clean-strongest-spike,15e30d85b320669527d49071be17847335a2f661,SpecularTest-glb,SpecularTest,glb,roundtrip,5,39205,10673.5,223376,E:\Base3D\glTF-SDK-T39-profile\Built\Int\t39-results\final\public-clean-spike\sample-5\SpecularTest-glb-roundtrip,ok
clean-spike,clean-strongest-spike,15e30d85b320669527d49071be17847335a2f661,NodePerformanceTest-glb,NodePerformanceTest,glb,load,6,39206,1963712.8999999999,37986536,,ok
clean-spike,clean-strongest-spike,15e30d85b320669527d49071be17847335a2f661,ABeautifulGame-glb,ABeautifulGame,glb,roundtrip,6,39206,341305.90000000002,42977928,E:\Base3D\glTF-SDK-T39-profile\Built\Int\t39-results\final\public-clean-spike\sample-6\ABeautifulGame-glb-roundtrip,ok
clean-spike,clean-strongest-spike,15e30d85b320669527d49071be17847335a2f661,SpecularTest-glb,SpecularTest,glb,load,6,39206,7354.3000000000002,223376,,ok
clean-spike,clean-strongest-spike,15e30d85b320669527d49071be17847335a2f661,Avocado-glb,Avocado,glb,export,6,39206,47341.300000000003,8110040,E:\Base3D\glTF-SDK-T39-profile\Built\Int\t39-results\final\public-clean-spike\sample-6\Avocado-glb-export,ok
clean-spike,clean-strongest-spike,15e30d85b320669527d49071be17847335a2f661,NodePerformanceTest-glb,NodePerformanceTest,glb,roundtrip,6,39206,2862286.5,37986536,E:\Base3D\glTF-SDK-T39-profile\Built\Int\t39-results\final\public-clean-spike\sample-6\NodePerformanceTest-glb-roundtrip,ok
clean-spike,clean-strongest-spike,15e30d85b320669527d49071be17847335a2f661,ABeautifulGame-glb,ABeautifulGame,glb,export,6,39206,249082.10000000001,42977928,E:\Base3D\glTF-SDK-T39-profile\Built\Int\t39-results\final\public-clean-spike\sample-6\ABeautifulGame-glb-export,ok
clean-spike,clean-strongest-spike,15e30d85b320669527d49071be17847335a2f661,ABeautifulGame-draco-glb,ABeautifulGame,glb,roundtrip,6,39206,117233.89999999999,12105252,E:\Base3D\glTF-SDK-T39-profile\Built\Int\t39-results\final\public-clean-spike\sample-6\ABeautifulGame-draco-glb-roundtrip,ok
clean-spike,clean-strongest-spike,15e30d85b320669527d49071be17847335a2f661,ABeautifulGame-glb,ABeautifulGame,glb,load,6,39206,87852.100000000006,42977928,,ok
clean-spike,clean-strongest-spike,15e30d85b320669527d49071be17847335a2f661,Avocado-glb,Avocado,glb,load,6,39206,33205.099999999999,8110040,,ok
clean-spike,clean-strongest-spike,15e30d85b320669527d49071be17847335a2f661,NodePerformanceTest-glb,NodePerformanceTest,glb,export,6,39206,869172.40000000002,37986536,E:\Base3D\glTF-SDK-T39-profile\Built\Int\t39-results\final\public-clean-spike\sample-6\NodePerformanceTest-glb-export,ok
clean-spike,clean-strongest-spike,15e30d85b320669527d49071be17847335a2f661,ABeautifulGame-draco-glb,ABeautifulGame,glb,load,6,39206,36265.300000000003,12105252,,ok
clean-spike,clean-strongest-spike,15e30d85b320669527d49071be17847335a2f661,ABeautifulGame-draco-glb,ABeautifulGame,glb,export,6,39206,72397.699999999997,12105252,E:\Base3D\glTF-SDK-T39-profile\Built\Int\t39-results\final\public-clean-spike\sample-6\ABeautifulGame-draco-glb-export,ok
clean-spike,clean-strongest-spike,15e30d85b320669527d49071be17847335a2f661,SpecularTest-glb,SpecularTest,glb,export,6,39206,3139.8000000000002,223376,E:\Base3D\glTF-SDK-T39-profile\Built\Int\t39-results\final\public-clean-spike\sample-6\SpecularTest-glb-export,ok
clean-spike,clean-strongest-spike,15e30d85b320669527d49071be17847335a2f661,SpecularTest-glb,SpecularTest,glb,roundtrip,6,39206,10321.299999999999,223376,E:\Base3D\glTF-SDK-T39-profile\Built\Int\t39-results\final\public-clean-spike\sample-6\SpecularTest-glb-roundtrip,ok
clean-spike,clean-strongest-spike,15e30d85b320669527d49071be17847335a2f661,Avocado-glb,Avocado,glb,roundtrip,6,39206,78287.399999999994,8110040,E:\Base3D\glTF-SDK-T39-profile\Built\Int\t39-results\final\public-clean-spike\sample-6\Avocado-glb-roundtrip,ok
clean-spike,clean-strongest-spike,15e30d85b320669527d49071be17847335a2f661,Avocado-glb,Avocado,glb,export,7,39207,48040,8110040,E:\Base3D\glTF-SDK-T39-profile\Built\Int\t39-results\final\public-clean-spike\sample-7\Avocado-glb-export,ok
clean-spike,clean-strongest-spike,15e30d85b320669527d49071be17847335a2f661,Avocado-glb,Avocado,glb,load,7,39207,23412.5,8110040,,ok
clean-spike,clean-strongest-spike,15e30d85b320669527d49071be17847335a2f661,SpecularTest-glb,SpecularTest,glb,roundtrip,7,39207,11368.799999999999,223376,E:\Base3D\glTF-SDK-T39-profile\Built\Int\t39-results\final\public-clean-spike\sample-7\SpecularTest-glb-roundtrip,ok
clean-spike,clean-strongest-spike,15e30d85b320669527d49071be17847335a2f661,ABeautifulGame-glb,ABeautifulGame,glb,roundtrip,7,39207,334114.40000000002,42977928,E:\Base3D\glTF-SDK-T39-profile\Built\Int\t39-results\final\public-clean-spike\sample-7\ABeautifulGame-glb-roundtrip,ok
clean-spike,clean-strongest-spike,15e30d85b320669527d49071be17847335a2f661,NodePerformanceTest-glb,NodePerformanceTest,glb,export,7,39207,921648.40000000002,37986536,E:\Base3D\glTF-SDK-T39-profile\Built\Int\t39-results\final\public-clean-spike\sample-7\NodePerformanceTest-glb-export,ok
clean-spike,clean-strongest-spike,15e30d85b320669527d49071be17847335a2f661,ABeautifulGame-draco-glb,ABeautifulGame,glb,export,7,39207,82114.699999999997,12105252,E:\Base3D\glTF-SDK-T39-profile\Built\Int\t39-results\final\public-clean-spike\sample-7\ABeautifulGame-draco-glb-export,ok
clean-spike,clean-strongest-spike,15e30d85b320669527d49071be17847335a2f661,ABeautifulGame-draco-glb,ABeautifulGame,glb,roundtrip,7,39207,116090.5,12105252,E:\Base3D\glTF-SDK-T39-profile\Built\Int\t39-results\final\public-clean-spike\sample-7\ABeautifulGame-draco-glb-roundtrip,ok
clean-spike,clean-strongest-spike,15e30d85b320669527d49071be17847335a2f661,ABeautifulGame-glb,ABeautifulGame,glb,load,7,39207,83697.699999999997,42977928,,ok
clean-spike,clean-strongest-spike,15e30d85b320669527d49071be17847335a2f661,ABeautifulGame-draco-glb,ABeautifulGame,glb,load,7,39207,36329.599999999999,12105252,,ok
clean-spike,clean-strongest-spike,15e30d85b320669527d49071be17847335a2f661,NodePerformanceTest-glb,NodePerformanceTest,glb,roundtrip,7,39207,2791503.1000000001,37986536,E:\Base3D\glTF-SDK-T39-profile\Built\Int\t39-results\final\public-clean-spike\sample-7\NodePerformanceTest-glb-roundtrip,ok
clean-spike,clean-strongest-spike,15e30d85b320669527d49071be17847335a2f661,NodePerformanceTest-glb,NodePerformanceTest,glb,load,7,39207,1935004.6000000001,37986536,,ok
clean-spike,clean-strongest-spike,15e30d85b320669527d49071be17847335a2f661,ABeautifulGame-glb,ABeautifulGame,glb,export,7,39207,257020.60000000001,42977928,E:\Base3D\glTF-SDK-T39-profile\Built\Int\t39-results\final\public-clean-spike\sample-7\ABeautifulGame-glb-export,ok
clean-spike,clean-strongest-spike,15e30d85b320669527d49071be17847335a2f661,SpecularTest-glb,SpecularTest,glb,load,7,39207,8753.5,223376,,ok
clean-spike,clean-strongest-spike,15e30d85b320669527d49071be17847335a2f661,Avocado-glb,Avocado,glb,roundtrip,7,39207,69429,8110040,E:\Base3D\glTF-SDK-T39-profile\Built\Int\t39-results\final\public-clean-spike\sample-7\Avocado-glb-roundtrip,ok
clean-spike,clean-strongest-spike,15e30d85b320669527d49071be17847335a2f661,SpecularTest-glb,SpecularTest,glb,export,7,39207,2767.8000000000002,223376,E:\Base3D\glTF-SDK-T39-profile\Built\Int\t39-results\final\public-clean-spike\sample-7\SpecularTest-glb-export,ok
clean-spike,clean-strongest-spike,15e30d85b320669527d49071be17847335a2f661,ABeautifulGame-glb,ABeautifulGame,glb,roundtrip,8,39208,351567,42977928,E:\Base3D\glTF-SDK-T39-profile\Built\Int\t39-results\final\public-clean-spike\sample-8\ABeautifulGame-glb-roundtrip,ok
clean-spike,clean-strongest-spike,15e30d85b320669527d49071be17847335a2f661,Avocado-glb,Avocado,glb,load,8,39208,23671.400000000001,8110040,,ok
clean-spike,clean-strongest-spike,15e30d85b320669527d49071be17847335a2f661,SpecularTest-glb,SpecularTest,glb,load,8,39208,7603.8999999999996,223376,,ok
clean-spike,clean-strongest-spike,15e30d85b320669527d49071be17847335a2f661,NodePerformanceTest-glb,NodePerformanceTest,glb,export,8,39208,921614.59999999998,37986536,E:\Base3D\glTF-SDK-T39-profile\Built\Int\t39-results\final\public-clean-spike\sample-8\NodePerformanceTest-glb-export,ok
clean-spike,clean-strongest-spike,15e30d85b320669527d49071be17847335a2f661,Avocado-glb,Avocado,glb,roundtrip,8,39208,69830.600000000006,8110040,E:\Base3D\glTF-SDK-T39-profile\Built\Int\t39-results\final\public-clean-spike\sample-8\Avocado-glb-roundtrip,ok
clean-spike,clean-strongest-spike,15e30d85b320669527d49071be17847335a2f661,SpecularTest-glb,SpecularTest,glb,export,8,39208,3208.1999999999998,223376,E:\Base3D\glTF-SDK-T39-profile\Built\Int\t39-results\final\public-clean-spike\sample-8\SpecularTest-glb-export,ok
clean-spike,clean-strongest-spike,15e30d85b320669527d49071be17847335a2f661,Avocado-glb,Avocado,glb,export,8,39208,47109.599999999999,8110040,E:\Base3D\glTF-SDK-T39-profile\Built\Int\t39-results\final\public-clean-spike\sample-8\Avocado-glb-export,ok
clean-spike,clean-strongest-spike,15e30d85b320669527d49071be17847335a2f661,NodePerformanceTest-glb,NodePerformanceTest,glb,load,8,39208,1922844.8999999999,37986536,,ok
clean-spike,clean-strongest-spike,15e30d85b320669527d49071be17847335a2f661,ABeautifulGame-draco-glb,ABeautifulGame,glb,load,8,39208,35908.699999999997,12105252,,ok
clean-spike,clean-strongest-spike,15e30d85b320669527d49071be17847335a2f661,SpecularTest-glb,SpecularTest,glb,roundtrip,8,39208,10943.5,223376,E:\Base3D\glTF-SDK-T39-profile\Built\Int\t39-results\final\public-clean-spike\sample-8\SpecularTest-glb-roundtrip,ok
clean-spike,clean-strongest-spike,15e30d85b320669527d49071be17847335a2f661,ABeautifulGame-draco-glb,ABeautifulGame,glb,export,8,39208,73747.699999999997,12105252,E:\Base3D\glTF-SDK-T39-profile\Built\Int\t39-results\final\public-clean-spike\sample-8\ABeautifulGame-draco-glb-export,ok
clean-spike,clean-strongest-spike,15e30d85b320669527d49071be17847335a2f661,ABeautifulGame-glb,ABeautifulGame,glb,export,8,39208,253049.79999999999,42977928,E:\Base3D\glTF-SDK-T39-profile\Built\Int\t39-results\final\public-clean-spike\sample-8\ABeautifulGame-glb-export,ok
clean-spike,clean-strongest-spike,15e30d85b320669527d49071be17847335a2f661,ABeautifulGame-glb,ABeautifulGame,glb,load,8,39208,82396.399999999994,42977928,,ok
clean-spike,clean-strongest-spike,15e30d85b320669527d49071be17847335a2f661,NodePerformanceTest-glb,NodePerformanceTest,glb,roundtrip,8,39208,2863241.3999999999,37986536,E:\Base3D\glTF-SDK-T39-profile\Built\Int\t39-results\final\public-clean-spike\sample-8\NodePerformanceTest-glb-roundtrip,ok
clean-spike,clean-strongest-spike,15e30d85b320669527d49071be17847335a2f661,ABeautifulGame-draco-glb,ABeautifulGame,glb,roundtrip,8,39208,107880,12105252,E:\Base3D\glTF-SDK-T39-profile\Built\Int\t39-results\final\public-clean-spike\sample-8\ABeautifulGame-draco-glb-roundtrip,ok
clean-spike,clean-strongest-spike,15e30d85b320669527d49071be17847335a2f661,ABeautifulGame-draco-glb,ABeautifulGame,glb,load,9,39209,38408.599999999999,12105252,,ok
clean-spike,clean-strongest-spike,15e30d85b320669527d49071be17847335a2f661,ABeautifulGame-glb,ABeautifulGame,glb,roundtrip,9,39209,360838,42977928,E:\Base3D\glTF-SDK-T39-profile\Built\Int\t39-results\final\public-clean-spike\sample-9\ABeautifulGame-glb-roundtrip,ok
clean-spike,clean-strongest-spike,15e30d85b320669527d49071be17847335a2f661,NodePerformanceTest-glb,NodePerformanceTest,glb,roundtrip,9,39209,2848278.5,37986536,E:\Base3D\glTF-SDK-T39-profile\Built\Int\t39-results\final\public-clean-spike\sample-9\NodePerformanceTest-glb-roundtrip,ok
clean-spike,clean-strongest-spike,15e30d85b320669527d49071be17847335a2f661,Avocado-glb,Avocado,glb,load,9,39209,24737.400000000001,8110040,,ok
clean-spike,clean-strongest-spike,15e30d85b320669527d49071be17847335a2f661,Avocado-glb,Avocado,glb,export,9,39209,47836,8110040,E:\Base3D\glTF-SDK-T39-profile\Built\Int\t39-results\final\public-clean-spike\sample-9\Avocado-glb-export,ok
clean-spike,clean-strongest-spike,15e30d85b320669527d49071be17847335a2f661,SpecularTest-glb,SpecularTest,glb,load,9,39209,8255.7999999999993,223376,,ok
clean-spike,clean-strongest-spike,15e30d85b320669527d49071be17847335a2f661,SpecularTest-glb,SpecularTest,glb,roundtrip,9,39209,15265.799999999999,223376,E:\Base3D\glTF-SDK-T39-profile\Built\Int\t39-results\final\public-clean-spike\sample-9\SpecularTest-glb-roundtrip,ok
clean-spike,clean-strongest-spike,15e30d85b320669527d49071be17847335a2f661,ABeautifulGame-glb,ABeautifulGame,glb,export,9,39209,253976,42977928,E:\Base3D\glTF-SDK-T39-profile\Built\Int\t39-results\final\public-clean-spike\sample-9\ABeautifulGame-glb-export,ok
clean-spike,clean-strongest-spike,15e30d85b320669527d49071be17847335a2f661,NodePerformanceTest-glb,NodePerformanceTest,glb,export,9,39209,864732,37986536,E:\Base3D\glTF-SDK-T39-profile\Built\Int\t39-results\final\public-clean-spike\sample-9\NodePerformanceTest-glb-export,ok
clean-spike,clean-strongest-spike,15e30d85b320669527d49071be17847335a2f661,ABeautifulGame-draco-glb,ABeautifulGame,glb,export,9,39209,72232.899999999994,12105252,E:\Base3D\glTF-SDK-T39-profile\Built\Int\t39-results\final\public-clean-spike\sample-9\ABeautifulGame-draco-glb-export,ok
clean-spike,clean-strongest-spike,15e30d85b320669527d49071be17847335a2f661,ABeautifulGame-glb,ABeautifulGame,glb,load,9,39209,81995.100000000006,42977928,,ok
clean-spike,clean-strongest-spike,15e30d85b320669527d49071be17847335a2f661,NodePerformanceTest-glb,NodePerformanceTest,glb,load,9,39209,1924166.2,37986536,,ok
clean-spike,clean-strongest-spike,15e30d85b320669527d49071be17847335a2f661,SpecularTest-glb,SpecularTest,glb,export,9,39209,2831.9000000000001,223376,E:\Base3D\glTF-SDK-T39-profile\Built\Int\t39-results\final\public-clean-spike\sample-9\SpecularTest-glb-export,ok
clean-spike,clean-strongest-spike,15e30d85b320669527d49071be17847335a2f661,Avocado-glb,Avocado,glb,roundtrip,9,39209,70547.699999999997,8110040,E:\Base3D\glTF-SDK-T39-profile\Built\Int\t39-results\final\public-clean-spike\sample-9\Avocado-glb-roundtrip,ok
clean-spike,clean-strongest-spike,15e30d85b320669527d49071be17847335a2f661,ABeautifulGame-draco-glb,ABeautifulGame,glb,roundtrip,9,39209,108736,12105252,E:\Base3D\glTF-SDK-T39-profile\Built\Int\t39-results\final\public-clean-spike\sample-9\ABeautifulGame-draco-glb-roundtrip,ok
