group,case_id,variant,metric,samples,mean_us,median_us,p95_us,minimum_us,maximum_us
controls,ABeautifulGame-draco-glb,current,total_load_us,15,47366.22666666667,47546.7,66568.7,36868.9,66568.7
controls,ABeautifulGame-draco-glb,current,file_open_us,15,398.24666666666667,350.9,1080.4,299.3,1080.4
controls,ABeautifulGame-draco-glb,current,json_chunk_us,15,98.03333333333333,96.8,192.3,74.9,192.3
controls,ABeautifulGame-draco-glb,current,strict_parse_us,15,1818.1933333333334,1340.3,4181.6,1300.2,4181.6
controls,ABeautifulGame-draco-glb,current,validation_dom_us,15,0.2,0.1,0.5,0.0,0.5
controls,ABeautifulGame-draco-glb,current,schema_compile_us,15,5386.786666666667,4677.8,7836.9,4112.6,7836.9
controls,ABeautifulGame-draco-glb,current,schema_locate_us,15,2538.78,2218.8000000000006,3757.7,1893.5,3757.7
controls,ABeautifulGame-draco-glb,current,schema_parse_us,15,2453.4,2164.7000000000003,3642.4,1843.4999999999998,3642.4
controls,ABeautifulGame-draco-glb,current,schema_populate_us,15,5167.8133333333335,4483.6,7504.2,3951.9,7504.2
controls,ABeautifulGame-draco-glb,current,validate_us,15,2482.4666666666667,2563.3,4302.8,1671.2,4302.8
controls,ABeautifulGame-draco-glb,current,typed_us,15,1675.9333333333334,1437.0,2634.7,1221.0,2634.7
controls,ABeautifulGame-draco-glb,current,buffer_read_us,15,17092.213333333333,16216.1,27876.4,13901.6,27876.4
controls,ABeautifulGame-draco-glb,current,image_read_us,15,18389.96,18537.9,31086.7,13816.8,31086.7
controls,ABeautifulGame-draco-glb,current,accessors_us,15,162.18,146.8,235.7,113.7,235.7
controls,ABeautifulGame-draco-glb,current,animations_us,15,0.58,0.5,0.9,0.4,0.9
controls,ABeautifulGame-draco-glb,current,buffers_us,15,3.54,3.2,5.1,2.6,5.1
controls,ABeautifulGame-draco-glb,current,buffer_views_us,15,110.96000000000001,91.5,157.1,83.8,157.1
controls,ABeautifulGame-draco-glb,current,cameras_us,15,0.6333333333333333,0.5,1.5,0.4,1.5
controls,ABeautifulGame-draco-glb,current,images_us,15,118.4,98.7,198.3,83.7,198.3
controls,ABeautifulGame-draco-glb,current,materials_us,15,390.96,361.4,514.6,273.0,514.6
controls,ABeautifulGame-draco-glb,current,meshes_us,15,390.36,333.4,607.7,280.9,607.7
controls,ABeautifulGame-draco-glb,current,nodes_us,15,250.65333333333334,196.9,633.5,166.5,633.5
controls,ABeautifulGame-draco-glb,current,samplers_us,15,3.993333333333333,3.2,6.2,2.9,6.2
controls,ABeautifulGame-draco-glb,current,scenes_us,15,8.94,6.9,13.7,6.3,13.7
controls,ABeautifulGame-draco-glb,current,skins_us,15,0.72,0.7,1.2,0.5,1.2
controls,ABeautifulGame-draco-glb,current,textures_us,15,189.26,139.4,515.8,118.2,515.8
controls,ABeautifulGame-draco-glb,current,typed_other_us,15,11.26,10.9,16.0,8.0,16.0
controls,ABeautifulGame-draco-glb,current,serializer_dom_us,15,0.0,0.0,0.0,0.0,0.0
controls,ABeautifulGame-draco-glb,current,serializer_text_us,15,0.0,0.0,0.0,0.0,0.0
controls,ABeautifulGame-draco-glb,current,resource_write_us,15,0.0,0.0,0.0,0.0,0.0
controls,ABeautifulGame-draco-glb,sax-scalar-unique-fallback,total_load_us,15,44803.306666666664,44503.0,58502.4,36954.7,58502.4
controls,ABeautifulGame-draco-glb,sax-scalar-unique-fallback,file_open_us,15,499.38666666666666,325.5,2807.4,275.3,2807.4
controls,ABeautifulGame-draco-glb,sax-scalar-unique-fallback,json_chunk_us,15,94.95333333333333,95.0,128.3,73.3,128.3
controls,ABeautifulGame-draco-glb,sax-scalar-unique-fallback,strict_parse_us,15,1627.0733333333333,1278.8,2365.6,1202.0,2365.6
controls,ABeautifulGame-draco-glb,sax-scalar-unique-fallback,validation_dom_us,15,0.22,0.2,0.4,0.1,0.4
controls,ABeautifulGame-draco-glb,sax-scalar-unique-fallback,schema_compile_us,15,5041.5599999999995,4572.7,7670.2,4010.1,7670.2
controls,ABeautifulGame-draco-glb,sax-scalar-unique-fallback,schema_locate_us,15,2413.0733333333333,2170.8,3658.1,1877.8999999999999,3658.1
controls,ABeautifulGame-draco-glb,sax-scalar-unique-fallback,schema_parse_us,15,2347.64,2110.2000000000003,3565.0,1819.1999999999998,3565.0
controls,ABeautifulGame-draco-glb,sax-scalar-unique-fallback,schema_populate_us,15,4819.7266666666665,4336.6,7353.1,3840.4,7353.1
controls,ABeautifulGame-draco-glb,sax-scalar-unique-fallback,validate_us,15,1786.2066666666667,1484.1,2635.5,1424.9,2635.5
controls,ABeautifulGame-draco-glb,sax-scalar-unique-fallback,typed_us,15,1683.9866666666667,1400.6,2564.5,1217.0,2564.5
controls,ABeautifulGame-draco-glb,sax-scalar-unique-fallback,buffer_read_us,15,17070.239999999998,17637.1,20565.9,14019.8,20565.9
controls,ABeautifulGame-draco-glb,sax-scalar-unique-fallback,image_read_us,15,16977.226666666666,17061.9,20824.2,13993.2,20824.2
controls,ABeautifulGame-draco-glb,sax-scalar-unique-fallback,accessors_us,15,172.22,138.3,350.8,119.0,350.8
controls,ABeautifulGame-draco-glb,sax-scalar-unique-fallback,animations_us,15,0.6466666666666667,0.5,1.3,0.4,1.3
controls,ABeautifulGame-draco-glb,sax-scalar-unique-fallback,buffers_us,15,3.6,3.0,5.7,2.5,5.7
controls,ABeautifulGame-draco-glb,sax-scalar-unique-fallback,buffer_views_us,15,129.58666666666667,100.5,294.9,82.8,294.9
controls,ABeautifulGame-draco-glb,sax-scalar-unique-fallback,cameras_us,15,0.6666666666666666,0.6,1.3,0.5,1.3
controls,ABeautifulGame-draco-glb,sax-scalar-unique-fallback,images_us,15,116.25333333333333,88.8,220.5,77.3,220.5
controls,ABeautifulGame-draco-glb,sax-scalar-unique-fallback,materials_us,15,391.44,334.7,542.8,262.9,542.8
controls,ABeautifulGame-draco-glb,sax-scalar-unique-fallback,meshes_us,15,377.3466666666667,317.7,544.0,270.1,544.0
controls,ABeautifulGame-draco-glb,sax-scalar-unique-fallback,nodes_us,15,261.6933333333333,274.4,445.7,164.1,445.7
controls,ABeautifulGame-draco-glb,sax-scalar-unique-fallback,samplers_us,15,4.113333333333333,4.3,5.9,2.9,5.9
controls,ABeautifulGame-draco-glb,sax-scalar-unique-fallback,scenes_us,15,9.306666666666667,10.2,13.2,6.2,13.2
controls,ABeautifulGame-draco-glb,sax-scalar-unique-fallback,skins_us,15,0.7,0.7,0.9,0.5,0.9
controls,ABeautifulGame-draco-glb,sax-scalar-unique-fallback,textures_us,15,171.66666666666666,176.7,321.9,108.0,321.9
controls,ABeautifulGame-draco-glb,sax-scalar-unique-fallback,typed_other_us,15,10.746666666666666,11.0,14.399999999999999,7.699999999999999,14.399999999999999
controls,ABeautifulGame-draco-glb,sax-scalar-unique-fallback,serializer_dom_us,15,0.0,0.0,0.0,0.0,0.0
controls,ABeautifulGame-draco-glb,sax-scalar-unique-fallback,serializer_text_us,15,0.0,0.0,0.0,0.0,0.0
controls,ABeautifulGame-draco-glb,sax-scalar-unique-fallback,resource_write_us,15,0.0,0.0,0.0,0.0,0.0
controls,ABeautifulGame-glb,current,total_load_us,15,85103.34666666666,83049.5,102943.2,80434.3,102943.2
controls,ABeautifulGame-glb,current,file_open_us,15,320.78,311.8,384.8,278.0,384.8
controls,ABeautifulGame-glb,current,json_chunk_us,15,95.96000000000001,93.5,130.4,80.2,130.4
controls,ABeautifulGame-glb,current,strict_parse_us,15,2041.26,1916.1,3419.1,1885.2,3419.1
controls,ABeautifulGame-glb,current,validation_dom_us,15,0.14,0.1,0.3,0.1,0.3
controls,ABeautifulGame-glb,current,schema_compile_us,15,4402.293333333333,4099.5,6946.5,3922.7,6946.5
controls,ABeautifulGame-glb,current,schema_locate_us,15,2078.56,1932.7000000000003,3266.8,1832.1000000000001,3266.8
controls,ABeautifulGame-glb,current,schema_parse_us,15,2021.3733333333334,1871.7000000000005,3163.9999999999995,1780.8,3163.9999999999995
controls,ABeautifulGame-glb,current,schema_populate_us,15,4214.293333333333,3931.2,6681.0,3729.3,6681.0
controls,ABeautifulGame-glb,current,validate_us,15,2835.2400000000002,2654.4,4562.8,2556.3,4562.8
controls,ABeautifulGame-glb,current,typed_us,15,1418.8266666666666,1332.5,2324.7,1271.9,2324.7
controls,ABeautifulGame-glb,current,buffer_read_us,15,51289.34,50109.3,63734.7,48755.0,63734.7
controls,ABeautifulGame-glb,current,image_read_us,15,22680.186666666665,22361.6,24925.5,21303.5,24925.5
controls,ABeautifulGame-glb,current,accessors_us,15,336.91333333333336,318.5,571.9,302.1,571.9
controls,ABeautifulGame-glb,current,animations_us,15,0.5266666666666666,0.5,0.9,0.4,0.9
controls,ABeautifulGame-glb,current,buffers_us,15,2.7466666666666666,2.6,4.7,2.4,4.7
controls,ABeautifulGame-glb,current,buffer_views_us,15,278.49333333333334,266.6,454.3,241.7,454.3
controls,ABeautifulGame-glb,current,cameras_us,15,0.5866666666666667,0.5,1.1,0.5,1.1
controls,ABeautifulGame-glb,current,images_us,15,68.78,62.6,134.2,58.4,134.2
controls,ABeautifulGame-glb,current,materials_us,15,293.12,274.2,452.0,248.9,452.0
controls,ABeautifulGame-glb,current,meshes_us,15,110.25333333333333,101.3,168.0,86.1,168.0
controls,ABeautifulGame-glb,current,nodes_us,15,210.36666666666667,196.3,323.4,179.3,323.4
controls,ABeautifulGame-glb,current,samplers_us,15,3.1333333333333333,2.8,5.3,2.6,5.3
controls,ABeautifulGame-glb,current,scenes_us,15,6.866666666666667,6.4,10.1,6.2,10.1
controls,ABeautifulGame-glb,current,skins_us,15,0.6133333333333333,0.6,0.9,0.4,0.9
controls,ABeautifulGame-glb,current,textures_us,15,71.24666666666667,62.1,141.2,60.1,141.2
controls,ABeautifulGame-glb,current,typed_other_us,15,6.753333333333333,6.5,10.8,6.1,10.8
controls,ABeautifulGame-glb,current,serializer_dom_us,15,0.0,0.0,0.0,0.0,0.0
controls,ABeautifulGame-glb,current,serializer_text_us,15,0.0,0.0,0.0,0.0,0.0
controls,ABeautifulGame-glb,current,resource_write_us,15,0.0,0.0,0.0,0.0,0.0
controls,ABeautifulGame-glb,sax-scalar-unique-fallback,total_load_us,15,89709.94666666667,86016.5,110240.6,82447.7,110240.6
controls,ABeautifulGame-glb,sax-scalar-unique-fallback,file_open_us,15,322.6933333333333,323.4,362.8,275.1,362.8
controls,ABeautifulGame-glb,sax-scalar-unique-fallback,json_chunk_us,15,98.12,89.2,152.6,79.4,152.6
controls,ABeautifulGame-glb,sax-scalar-unique-fallback,strict_parse_us,15,1865.1133333333332,1691.3,2823.9,1676.8,2823.9
controls,ABeautifulGame-glb,sax-scalar-unique-fallback,validation_dom_us,15,0.19333333333333333,0.1,0.6,0.0,0.6
controls,ABeautifulGame-glb,sax-scalar-unique-fallback,schema_compile_us,15,4556.946666666667,4058.7,6932.8,3889.0,6932.8
controls,ABeautifulGame-glb,sax-scalar-unique-fallback,schema_locate_us,15,2135.34,1893.6,3394.5,1793.8000000000002,3394.5
controls,ABeautifulGame-glb,sax-scalar-unique-fallback,schema_parse_us,15,2080.3,1848.9000000000005,3301.6999999999994,1748.1000000000001,3301.6999999999994
controls,ABeautifulGame-glb,sax-scalar-unique-fallback,schema_populate_us,15,4360.34,3889.8,6657.4,3724.4,6657.4
controls,ABeautifulGame-glb,sax-scalar-unique-fallback,validate_us,15,2696.16,2305.8,4212.1,2260.6,4212.1
controls,ABeautifulGame-glb,sax-scalar-unique-fallback,typed_us,15,1588.6933333333334,1333.9,2418.2,1259.9,2418.2
controls,ABeautifulGame-glb,sax-scalar-unique-fallback,buffer_read_us,15,54537.77333333333,52011.8,67977.9,50071.3,67977.9
controls,ABeautifulGame-glb,sax-scalar-unique-fallback,image_read_us,15,24014.406666666666,23056.8,30641.0,22263.5,30641.0
controls,ABeautifulGame-glb,sax-scalar-unique-fallback,accessors_us,15,382.62666666666667,316.0,582.0,300.8,582.0
controls,ABeautifulGame-glb,sax-scalar-unique-fallback,animations_us,15,0.56,0.5,0.9,0.4,0.9
controls,ABeautifulGame-glb,sax-scalar-unique-fallback,buffers_us,15,3.2866666666666666,2.8,5.4,2.4,5.4
controls,ABeautifulGame-glb,sax-scalar-unique-fallback,buffer_views_us,15,335.66,281.1,522.0,260.0,522.0
controls,ABeautifulGame-glb,sax-scalar-unique-fallback,cameras_us,15,0.6933333333333334,0.6,1.1,0.5,1.1
controls,ABeautifulGame-glb,sax-scalar-unique-fallback,images_us,15,77.84,65.7,122.6,58.6,122.6
controls,ABeautifulGame-glb,sax-scalar-unique-fallback,materials_us,15,326.3333333333333,284.1,533.9,264.6,533.9
controls,ABeautifulGame-glb,sax-scalar-unique-fallback,meshes_us,15,112.78666666666666,99.6,179.1,89.8,179.1
controls,ABeautifulGame-glb,sax-scalar-unique-fallback,nodes_us,15,218.73333333333332,183.3,351.2,160.9,351.2
controls,ABeautifulGame-glb,sax-scalar-unique-fallback,samplers_us,15,3.3066666666666666,2.9,4.9,2.7,4.9
controls,ABeautifulGame-glb,sax-scalar-unique-fallback,scenes_us,15,7.246666666666667,6.4,12.3,6.0,12.3
controls,ABeautifulGame-glb,sax-scalar-unique-fallback,skins_us,15,0.5533333333333333,0.5,0.8,0.4,0.8
controls,ABeautifulGame-glb,sax-scalar-unique-fallback,textures_us,15,75.58,62.0,116.4,59.9,116.4
controls,ABeautifulGame-glb,sax-scalar-unique-fallback,typed_other_us,15,7.633333333333334,6.800000000000001,11.3,6.3,11.3
controls,ABeautifulGame-glb,sax-scalar-unique-fallback,serializer_dom_us,15,0.0,0.0,0.0,0.0,0.0
controls,ABeautifulGame-glb,sax-scalar-unique-fallback,serializer_text_us,15,0.0,0.0,0.0,0.0,0.0
controls,ABeautifulGame-glb,sax-scalar-unique-fallback,resource_write_us,15,0.0,0.0,0.0,0.0,0.0
controls,Avocado-glb,current,total_load_us,15,24276.693333333333,23809.1,28022.1,22836.4,28022.1
controls,Avocado-glb,current,file_open_us,15,321.53999999999996,309.2,410.4,276.7,410.4
controls,Avocado-glb,current,json_chunk_us,15,47.06,42.2,94.1,36.8,94.1
controls,Avocado-glb,current,strict_parse_us,15,186.59333333333333,133.4,643.1,122.8,643.1
controls,Avocado-glb,current,validation_dom_us,15,0.16666666666666669,0.2,0.2,0.1,0.2
controls,Avocado-glb,current,schema_compile_us,15,4328.326666666667,4139.0,6197.9,3950.0,6197.9
controls,Avocado-glb,current,schema_locate_us,15,2087.8333333333335,1987.6,3042.9,1889.1999999999996,3042.9
controls,Avocado-glb,current,schema_parse_us,15,2031.24,1933.5,2960.5999999999995,1843.1,2960.5999999999995
controls,Avocado-glb,current,schema_populate_us,15,4113.3,3931.5,5848.9,3767.3,5848.9
controls,Avocado-glb,current,validate_us,15,217.31333333333333,210.6,290.9,186.3,290.9
controls,Avocado-glb,current,typed_us,15,113.08,112.5,132.7,101.9,132.7
controls,Avocado-glb,current,buffer_read_us,15,9599.2,9345.1,11551.0,9054.6,11551.0
controls,Avocado-glb,current,image_read_us,15,9447.166666666666,9157.5,11381.7,8897.4,11381.7
controls,Avocado-glb,current,accessors_us,15,21.453333333333333,21.0,26.0,18.5,26.0
controls,Avocado-glb,current,animations_us,15,0.4666666666666667,0.5,0.7,0.4,0.7
controls,Avocado-glb,current,buffers_us,15,2.62,2.7,2.9,2.3,2.9
controls,Avocado-glb,current,buffer_views_us,15,21.46666666666667,21.2,26.4,17.6,26.4
controls,Avocado-glb,current,cameras_us,15,0.48,0.5,0.5,0.4,0.5
controls,Avocado-glb,current,images_us,15,6.306666666666667,6.3,6.9,5.8,6.9
controls,Avocado-glb,current,materials_us,15,8.833333333333334,8.9,9.6,8.0,9.6
controls,Avocado-glb,current,meshes_us,15,6.946666666666666,6.9,7.5,6.4,7.5
controls,Avocado-glb,current,nodes_us,15,5.286666666666667,4.9,10.1,4.5,10.1
controls,Avocado-glb,current,samplers_us,15,0.54,0.5,0.7,0.4,0.7
controls,Avocado-glb,current,scenes_us,15,2.88,2.8,4.6,2.5,4.6
controls,Avocado-glb,current,skins_us,15,0.49333333333333335,0.5,0.7,0.4,0.7
controls,Avocado-glb,current,textures_us,15,8.28,8.0,14.5,5.6,14.5
controls,Avocado-glb,current,typed_other_us,15,6.12,5.1,20.1,4.6,20.1
controls,Avocado-glb,current,serializer_dom_us,15,0.0,0.0,0.0,0.0,0.0
controls,Avocado-glb,current,serializer_text_us,15,0.0,0.0,0.0,0.0,0.0
controls,Avocado-glb,current,resource_write_us,15,0.0,0.0,0.0,0.0,0.0
controls,Avocado-glb,sax-scalar-unique-fallback,total_load_us,15,34261.37333333333,28928.7,73915.9,24002.8,73915.9
controls,Avocado-glb,sax-scalar-unique-fallback,file_open_us,15,1259.5066666666667,340.2,7865.2,259.9,7865.2
controls,Avocado-glb,sax-scalar-unique-fallback,json_chunk_us,15,62.833333333333336,48.4,214.4,38.3,214.4
controls,Avocado-glb,sax-scalar-unique-fallback,strict_parse_us,15,203.38666666666666,193.8,538.5,118.3,538.5
controls,Avocado-glb,sax-scalar-unique-fallback,validation_dom_us,15,0.19333333333333333,0.2,0.4,0.1,0.4
controls,Avocado-glb,sax-scalar-unique-fallback,schema_compile_us,15,7303.633333333333,6754.2,25415.8,4088.6,25415.8
controls,Avocado-glb,sax-scalar-unique-fallback,schema_locate_us,15,3100.793333333333,3278.3,5666.199999999999,1956.3,5666.199999999999
controls,Avocado-glb,sax-scalar-unique-fallback,schema_parse_us,15,3022.9066666666668,3208.1,5545.900000000001,1909.4999999999998,5545.900000000001
controls,Avocado-glb,sax-scalar-unique-fallback,schema_populate_us,15,6999.72,6457.5,24908.8,3911.3,24908.8
controls,Avocado-glb,sax-scalar-unique-fallback,validate_us,15,295.9866666666667,306.9,667.9,178.4,667.9
controls,Avocado-glb,sax-scalar-unique-fallback,typed_us,15,187.45333333333335,175.5,625.2,106.5,625.2
controls,Avocado-glb,sax-scalar-unique-fallback,buffer_read_us,15,12579.726666666667,11812.4,20030.9,9232.2,20030.9
controls,Avocado-glb,sax-scalar-unique-fallback,image_read_us,15,12348.82,10149.6,22718.7,9297.9,22718.7
controls,Avocado-glb,sax-scalar-unique-fallback,accessors_us,15,38.92666666666667,34.1,153.1,20.0,153.1
controls,Avocado-glb,sax-scalar-unique-fallback,animations_us,15,0.6133333333333333,0.6,1.0,0.4,1.0
controls,Avocado-glb,sax-scalar-unique-fallback,buffers_us,15,3.7,3.7,6.5,2.4,6.5
controls,Avocado-glb,sax-scalar-unique-fallback,buffer_views_us,15,33.166666666666664,38.0,49.3,21.0,49.3
controls,Avocado-glb,sax-scalar-unique-fallback,cameras_us,15,0.5866666666666667,0.5,1.1,0.4,1.1
controls,Avocado-glb,sax-scalar-unique-fallback,images_us,15,9.066666666666666,9.7,15.4,6.1,15.4
controls,Avocado-glb,sax-scalar-unique-fallback,materials_us,15,12.773333333333333,14.9,20.5,8.4,20.5
controls,Avocado-glb,sax-scalar-unique-fallback,meshes_us,15,10.073333333333334,11.3,16.1,6.8,16.1
controls,Avocado-glb,sax-scalar-unique-fallback,nodes_us,15,6.94,7.2,11.6,4.4,11.6
controls,Avocado-glb,sax-scalar-unique-fallback,samplers_us,15,0.6866666666666666,0.7,1.0,0.4,1.0
controls,Avocado-glb,sax-scalar-unique-fallback,scenes_us,15,3.9933333333333336,4.7,6.2,2.6,6.2
controls,Avocado-glb,sax-scalar-unique-fallback,skins_us,15,0.6266666666666667,0.6,1.0,0.4,1.0
controls,Avocado-glb,sax-scalar-unique-fallback,textures_us,15,30.6,9.9,324.8,5.6,324.8
controls,Avocado-glb,sax-scalar-unique-fallback,typed_other_us,15,7.006666666666667,7.7,11.6,4.7,11.6
controls,Avocado-glb,sax-scalar-unique-fallback,serializer_dom_us,15,0.0,0.0,0.0,0.0,0.0
controls,Avocado-glb,sax-scalar-unique-fallback,serializer_text_us,15,0.0,0.0,0.0,0.0,0.0
controls,Avocado-glb,sax-scalar-unique-fallback,resource_write_us,15,0.0,0.0,0.0,0.0,0.0
controls,SpecularTest-glb,current,total_load_us,15,7930.073333333334,7632.5,12782.7,7231.5,12782.7
controls,SpecularTest-glb,current,file_open_us,15,283.56666666666666,276.9,360.9,235.0,360.9
controls,SpecularTest-glb,current,json_chunk_us,15,50.086666666666666,48.5,77.0,39.4,77.0
controls,SpecularTest-glb,current,strict_parse_us,15,727.8133333333334,694.9,1254.8,640.1,1254.8
controls,SpecularTest-glb,current,validation_dom_us,15,0.10666666666666667,0.1,0.3,0.0,0.3
controls,SpecularTest-glb,current,schema_compile_us,15,4424.886666666666,4138.9,7158.4,4037.0,7158.4
controls,SpecularTest-glb,current,schema_locate_us,15,2093.96,1968.1000000000001,3405.3999999999996,1897.5999999999997,3405.3999999999996
controls,SpecularTest-glb,current,schema_parse_us,15,2038.8733333333332,1914.4,3326.8,1840.1999999999998,3326.8
controls,SpecularTest-glb,current,schema_populate_us,15,4247.6,3973.8,6837.6,3871.2,6837.6
controls,SpecularTest-glb,current,validate_us,15,985.1,925.6,1699.9,901.1,1699.9
controls,SpecularTest-glb,current,typed_us,15,1056.9,985.4,1750.1,912.8,1750.1
controls,SpecularTest-glb,current,buffer_read_us,15,308.29333333333335,287.9,389.0,244.8,389.0
controls,SpecularTest-glb,current,image_read_us,15,77.64,71.1,124.4,62.6,124.4
controls,SpecularTest-glb,current,accessors_us,15,49.12,46.7,77.0,42.6,77.0
controls,SpecularTest-glb,current,animations_us,15,0.52,0.5,0.7,0.4,0.7
controls,SpecularTest-glb,current,buffers_us,15,3.04,2.8,5.0,2.5,5.0
controls,SpecularTest-glb,current,buffer_views_us,15,55.946666666666665,36.4,163.9,34.0,163.9
controls,SpecularTest-glb,current,cameras_us,15,0.5466666666666666,0.5,0.9,0.4,0.9
controls,SpecularTest-glb,current,images_us,15,11.766666666666667,12.0,16.6,8.9,16.6
controls,SpecularTest-glb,current,materials_us,15,621.5733333333334,578.4,1045.7,537.3,1045.7
controls,SpecularTest-glb,current,meshes_us,15,157.21333333333334,142.3,287.4,127.4,287.4
controls,SpecularTest-glb,current,nodes_us,15,102.78666666666666,87.6,206.1,82.8,206.1
controls,SpecularTest-glb,current,samplers_us,15,3.16,2.8,5.8,2.6,5.8
controls,SpecularTest-glb,current,scenes_us,15,3.3333333333333335,3.1,5.4,2.8,5.4
controls,SpecularTest-glb,current,skins_us,15,0.5933333333333334,0.6,0.8,0.5,0.8
controls,SpecularTest-glb,current,textures_us,15,10.013333333333334,8.7,19.0,8.1,19.0
controls,SpecularTest-glb,current,typed_other_us,15,8.12,6.6,27.4,5.8999999999999995,27.4
controls,SpecularTest-glb,current,serializer_dom_us,15,0.0,0.0,0.0,0.0,0.0
controls,SpecularTest-glb,current,serializer_text_us,15,0.0,0.0,0.0,0.0,0.0
controls,SpecularTest-glb,current,resource_write_us,15,0.0,0.0,0.0,0.0,0.0
controls,SpecularTest-glb,sax-scalar-unique-fallback,total_load_us,15,8802.866666666667,7805.0,13566.8,7198.4,13566.8
controls,SpecularTest-glb,sax-scalar-unique-fallback,file_open_us,15,320.96666666666664,315.9,413.9,189.4,413.9
controls,SpecularTest-glb,sax-scalar-unique-fallback,json_chunk_us,15,58.333333333333336,56.3,94.8,43.6,94.8
controls,SpecularTest-glb,sax-scalar-unique-fallback,strict_parse_us,15,834.4399999999999,655.2,1423.8,605.2,1423.8
controls,SpecularTest-glb,sax-scalar-unique-fallback,validation_dom_us,15,0.14666666666666667,0.2,0.2,0.0,0.2
controls,SpecularTest-glb,sax-scalar-unique-fallback,schema_compile_us,15,4905.3,4241.9,8357.9,4026.5,8357.9
controls,SpecularTest-glb,sax-scalar-unique-fallback,schema_locate_us,15,2355.6466666666665,2088.1999999999994,4294.200000000001,1900.7999999999997,4294.200000000001
controls,SpecularTest-glb,sax-scalar-unique-fallback,schema_parse_us,15,2293.9933333333333,2034.8999999999999,4205.200000000001,1852.4,4205.200000000001
controls,SpecularTest-glb,sax-scalar-unique-fallback,schema_populate_us,15,4690.413333333333,4016.3,8052.6,3850.6,8052.6
controls,SpecularTest-glb,sax-scalar-unique-fallback,validate_us,15,1062.8533333333332,912.9,1559.0,830.4,1559.0
controls,SpecularTest-glb,sax-scalar-unique-fallback,typed_us,15,1203.5666666666666,959.0,1844.1,914.5,1844.1
controls,SpecularTest-glb,sax-scalar-unique-fallback,buffer_read_us,15,313.7866666666667,294.4,393.0,231.7,393.0
controls,SpecularTest-glb,sax-scalar-unique-fallback,image_read_us,15,86.79333333333334,86.9,135.7,65.5,135.7
controls,SpecularTest-glb,sax-scalar-unique-fallback,accessors_us,15,63.486666666666665,52.5,107.2,46.4,107.2
controls,SpecularTest-glb,sax-scalar-unique-fallback,animations_us,15,0.52,0.5,0.7,0.4,0.7
controls,SpecularTest-glb,sax-scalar-unique-fallback,buffers_us,15,3.3,2.8,5.6,2.5,5.6
controls,SpecularTest-glb,sax-scalar-unique-fallback,buffer_views_us,15,48.8,40.6,71.2,34.1,71.2
controls,SpecularTest-glb,sax-scalar-unique-fallback,cameras_us,15,0.5466666666666666,0.5,0.8,0.4,0.8
controls,SpecularTest-glb,sax-scalar-unique-fallback,images_us,15,12.606666666666667,12.1,18.9,8.8,18.9
controls,SpecularTest-glb,sax-scalar-unique-fallback,materials_us,15,723.1266666666667,589.5,1083.6,536.4,1083.6
controls,SpecularTest-glb,sax-scalar-unique-fallback,meshes_us,15,179.14000000000001,145.9,302.7,126.0,302.7
controls,SpecularTest-glb,sax-scalar-unique-fallback,nodes_us,15,114.77333333333333,91.8,208.7,83.1,208.7
controls,SpecularTest-glb,sax-scalar-unique-fallback,samplers_us,15,3.6866666666666665,3.3,5.2,2.6,5.2
controls,SpecularTest-glb,sax-scalar-unique-fallback,scenes_us,15,3.9466666666666668,3.4,5.6,3.0,5.6
controls,SpecularTest-glb,sax-scalar-unique-fallback,skins_us,15,0.6733333333333333,0.6,1.0,0.5,1.0
controls,SpecularTest-glb,sax-scalar-unique-fallback,textures_us,15,10.726666666666667,8.7,15.9,8.1,15.9
controls,SpecularTest-glb,sax-scalar-unique-fallback,typed_other_us,15,7.573333333333333,6.4,11.5,5.7,11.5
controls,SpecularTest-glb,sax-scalar-unique-fallback,serializer_dom_us,15,0.0,0.0,0.0,0.0,0.0
controls,SpecularTest-glb,sax-scalar-unique-fallback,serializer_text_us,15,0.0,0.0,0.0,0.0,0.0
controls,SpecularTest-glb,sax-scalar-unique-fallback,resource_write_us,15,0.0,0.0,0.0,0.0,0.0
counts,NodePerformanceTest-glb,current,total_load_us,1,19842002.3,19842002.3,19842002.3,19842002.3,19842002.3
counts,NodePerformanceTest-glb,current,file_open_us,1,1092.3,1092.3,1092.3,1092.3,1092.3
counts,NodePerformanceTest-glb,current,json_chunk_us,1,18533.3,18533.3,18533.3,18533.3,18533.3
counts,NodePerformanceTest-glb,current,strict_parse_us,1,14627192.3,14627192.3,14627192.3,14627192.3,14627192.3
counts,NodePerformanceTest-glb,current,validation_dom_us,1,0.6,0.6,0.6,0.6,0.6
counts,NodePerformanceTest-glb,current,schema_compile_us,1,4293.2,4293.2,4293.2,4293.2,4293.2
counts,NodePerformanceTest-glb,current,schema_locate_us,1,1890.0,1890.0,1890.0,1890.0,1890.0
counts,NodePerformanceTest-glb,current,schema_parse_us,1,1836.1,1836.1,1836.1,1836.1,1836.1
counts,NodePerformanceTest-glb,current,schema_populate_us,1,4092.3,4092.3,4092.3,4092.3,4092.3
counts,NodePerformanceTest-glb,current,validate_us,1,4372655.4,4372655.4,4372655.4,4372655.4,4372655.4
counts,NodePerformanceTest-glb,current,typed_us,1,779950.2,779950.2,779950.2,779950.2,779950.2
counts,NodePerformanceTest-glb,current,buffer_read_us,1,36318.0,36318.0,36318.0,36318.0,36318.0
counts,NodePerformanceTest-glb,current,image_read_us,1,1922.5,1922.5,1922.5,1922.5,1922.5
counts,NodePerformanceTest-glb,current,accessors_us,1,185585.4,185585.4,185585.4,185585.4,185585.4
counts,NodePerformanceTest-glb,current,animations_us,1,2.1,2.1,2.1,2.1,2.1
counts,NodePerformanceTest-glb,current,buffers_us,1,17.2,17.2,17.2,17.2,17.2
counts,NodePerformanceTest-glb,current,buffer_views_us,1,129077.0,129077.0,129077.0,129077.0,129077.0
counts,NodePerformanceTest-glb,current,cameras_us,1,21.4,21.4,21.4,21.4,21.4
counts,NodePerformanceTest-glb,current,images_us,1,306.5,306.5,306.5,306.5,306.5
counts,NodePerformanceTest-glb,current,materials_us,1,190269.4,190269.4,190269.4,190269.4,190269.4
counts,NodePerformanceTest-glb,current,meshes_us,1,130708.8,130708.8,130708.8,130708.8,130708.8
counts,NodePerformanceTest-glb,current,nodes_us,1,108877.8,108877.8,108877.8,108877.8,108877.8
counts,NodePerformanceTest-glb,current,samplers_us,1,5.9,5.9,5.9,5.9,5.9
counts,NodePerformanceTest-glb,current,scenes_us,1,1309.4,1309.4,1309.4,1309.4,1309.4
counts,NodePerformanceTest-glb,current,skins_us,1,2.0,2.0,2.0,2.0,2.0
counts,NodePerformanceTest-glb,current,textures_us,1,33652.0,33652.0,33652.0,33652.0,33652.0
counts,NodePerformanceTest-glb,current,typed_other_us,1,50.6,50.6,50.6,50.6,50.6
counts,NodePerformanceTest-glb,current,serializer_dom_us,1,0.0,0.0,0.0,0.0,0.0
counts,NodePerformanceTest-glb,current,serializer_text_us,1,0.0,0.0,0.0,0.0,0.0
counts,NodePerformanceTest-glb,current,resource_write_us,1,0.0,0.0,0.0,0.0,0.0
counts,NodePerformanceTest-glb,sax-scalar-unique-fallback,total_load_us,1,2130831.4,2130831.4,2130831.4,2130831.4,2130831.4
counts,NodePerformanceTest-glb,sax-scalar-unique-fallback,file_open_us,1,640.4,640.4,640.4,640.4,640.4
counts,NodePerformanceTest-glb,sax-scalar-unique-fallback,json_chunk_us,1,15058.8,15058.8,15058.8,15058.8,15058.8
counts,NodePerformanceTest-glb,sax-scalar-unique-fallback,strict_parse_us,1,512977.9,512977.9,512977.9,512977.9,512977.9
counts,NodePerformanceTest-glb,sax-scalar-unique-fallback,validation_dom_us,1,0.3,0.3,0.3,0.3,0.3
counts,NodePerformanceTest-glb,sax-scalar-unique-fallback,schema_compile_us,1,4392.5,4392.5,4392.5,4392.5,4392.5
counts,NodePerformanceTest-glb,sax-scalar-unique-fallback,schema_locate_us,1,1903.7999999999997,1903.7999999999997,1903.7999999999997,1903.7999999999997,1903.7999999999997
counts,NodePerformanceTest-glb,sax-scalar-unique-fallback,schema_parse_us,1,1863.6000000000004,1863.6000000000004,1863.6000000000004,1863.6000000000004,1863.6000000000004
counts,NodePerformanceTest-glb,sax-scalar-unique-fallback,schema_populate_us,1,4190.9,4190.9,4190.9,4190.9,4190.9
counts,NodePerformanceTest-glb,sax-scalar-unique-fallback,validate_us,1,868001.4,868001.4,868001.4,868001.4,868001.4
counts,NodePerformanceTest-glb,sax-scalar-unique-fallback,typed_us,1,696883.9,696883.9,696883.9,696883.9,696883.9
counts,NodePerformanceTest-glb,sax-scalar-unique-fallback,buffer_read_us,1,31231.0,31231.0,31231.0,31231.0,31231.0
counts,NodePerformanceTest-glb,sax-scalar-unique-fallback,image_read_us,1,1600.5,1600.5,1600.5,1600.5,1600.5
counts,NodePerformanceTest-glb,sax-scalar-unique-fallback,accessors_us,1,200918.3,200918.3,200918.3,200918.3,200918.3
counts,NodePerformanceTest-glb,sax-scalar-unique-fallback,animations_us,1,1.6,1.6,1.6,1.6,1.6
counts,NodePerformanceTest-glb,sax-scalar-unique-fallback,buffers_us,1,16.2,16.2,16.2,16.2,16.2
counts,NodePerformanceTest-glb,sax-scalar-unique-fallback,buffer_views_us,1,127805.7,127805.7,127805.7,127805.7,127805.7
counts,NodePerformanceTest-glb,sax-scalar-unique-fallback,cameras_us,1,21.3,21.3,21.3,21.3,21.3
counts,NodePerformanceTest-glb,sax-scalar-unique-fallback,images_us,1,366.8,366.8,366.8,366.8,366.8
counts,NodePerformanceTest-glb,sax-scalar-unique-fallback,materials_us,1,192047.9,192047.9,192047.9,192047.9,192047.9
counts,NodePerformanceTest-glb,sax-scalar-unique-fallback,meshes_us,1,93440.7,93440.7,93440.7,93440.7,93440.7
counts,NodePerformanceTest-glb,sax-scalar-unique-fallback,nodes_us,1,53690.1,53690.1,53690.1,53690.1,53690.1
counts,NodePerformanceTest-glb,sax-scalar-unique-fallback,samplers_us,1,5.8,5.8,5.8,5.8,5.8
counts,NodePerformanceTest-glb,sax-scalar-unique-fallback,scenes_us,1,1028.1,1028.1,1028.1,1028.1,1028.1
counts,NodePerformanceTest-glb,sax-scalar-unique-fallback,skins_us,1,1.2,1.2,1.2,1.2,1.2
counts,NodePerformanceTest-glb,sax-scalar-unique-fallback,textures_us,1,27430.5,27430.5,27430.5,27430.5,27430.5
counts,NodePerformanceTest-glb,sax-scalar-unique-fallback,typed_other_us,1,43.6,43.6,43.6,43.6,43.6
counts,NodePerformanceTest-glb,sax-scalar-unique-fallback,serializer_dom_us,1,0.0,0.0,0.0,0.0,0.0
counts,NodePerformanceTest-glb,sax-scalar-unique-fallback,serializer_text_us,1,0.0,0.0,0.0,0.0,0.0
counts,NodePerformanceTest-glb,sax-scalar-unique-fallback,resource_write_us,1,0.0,0.0,0.0,0.0,0.0
scaling,NodePerformance-100,current,total_load_us,7,64494.1,63191.6,72311.5,60275.5,72311.5
scaling,NodePerformance-100,current,file_open_us,7,299.5571428571429,303.0,352.5,267.7,352.5
scaling,NodePerformance-100,current,json_chunk_us,7,249.0857142857143,232.0,376.6,199.3,376.6
scaling,NodePerformance-100,current,strict_parse_us,7,8878.271428571428,7741.7,15294.5,7492.3,15294.5
scaling,NodePerformance-100,current,validation_dom_us,7,0.18571428571428572,0.2,0.2,0.1,0.2
scaling,NodePerformance-100,current,schema_compile_us,7,4553.185714285714,4268.0,6915.7,3953.7,6915.7
scaling,NodePerformance-100,current,schema_locate_us,7,2133.2999999999997,1973.2999999999997,3276.5999999999995,1826.9999999999998,3276.5999999999995
scaling,NodePerformance-100,current,schema_parse_us,7,2074.5714285714284,1926.4999999999998,3178.0,1777.2000000000003,3178.0
scaling,NodePerformance-100,current,schema_populate_us,7,4351.185714285714,4084.0,6627.2,3777.9,6627.2
scaling,NodePerformance-100,current,validate_us,7,11420.2,11241.6,12764.5,10915.3,12764.5
scaling,NodePerformance-100,current,typed_us,7,6301.871428571429,5693.3,10171.9,5426.1,10171.9
scaling,NodePerformance-100,current,buffer_read_us,7,30990.64285714286,31109.4,32741.2,29496.0,32741.2
scaling,NodePerformance-100,current,image_read_us,7,1778.0142857142857,1706.8,2105.9,1544.9,2105.9
scaling,NodePerformance-100,current,accessors_us,7,1766.7,1673.7,2730.8,1488.6,2730.8
scaling,NodePerformance-100,current,animations_us,7,1.0142857142857142,1.1,1.4,0.6,1.4
scaling,NodePerformance-100,current,buffers_us,7,4.057142857142857,3.7,6.1,3.3,6.1
scaling,NodePerformance-100,current,buffer_views_us,7,1394.0857142857142,1233.7,2366.2,1195.5,2366.2
scaling,NodePerformance-100,current,cameras_us,7,8.028571428571428,7.4,11.5,6.8,11.5
scaling,NodePerformance-100,current,images_us,7,256.24285714285713,212.9,458.1,196.6,458.1
scaling,NodePerformance-100,current,materials_us,7,1386.2285714285715,1237.0,2107.3,1208.6,2107.3
scaling,NodePerformance-100,current,meshes_us,7,681.9857142857143,605.6,1156.3,573.9,1156.3
scaling,NodePerformance-100,current,nodes_us,7,496.1428571428571,437.0,843.4,407.2,843.4
scaling,NodePerformance-100,current,samplers_us,7,4.171428571428571,3.9,6.1,3.4,6.1
scaling,NodePerformance-100,current,scenes_us,7,16.414285714285715,14.7,27.5,13.8,27.5
scaling,NodePerformance-100,current,skins_us,7,0.7714285714285714,0.7,1.4,0.6,1.4
scaling,NodePerformance-100,current,textures_us,7,226.32857142857142,211.2,377.8,180.1,377.8
scaling,NodePerformance-100,current,typed_other_us,7,16.285714285714285,15.600000000000001,22.8,12.7,22.8
scaling,NodePerformance-100,current,serializer_dom_us,7,0.0,0.0,0.0,0.0,0.0
scaling,NodePerformance-100,current,serializer_text_us,7,0.0,0.0,0.0,0.0,0.0
scaling,NodePerformance-100,current,resource_write_us,7,0.0,0.0,0.0,0.0,0.0
scaling,NodePerformance-100,sax-scalar-unique-fallback,total_load_us,10,67785.72,63785.75,90154.1,57326.3,90154.1
scaling,NodePerformance-100,sax-scalar-unique-fallback,file_open_us,10,377.84999999999997,259.85,1068.6,217.1,1068.6
scaling,NodePerformance-100,sax-scalar-unique-fallback,json_chunk_us,10,273.9,244.95,515.8,200.2,515.8
scaling,NodePerformance-100,sax-scalar-unique-fallback,strict_parse_us,10,7006.07,5901.35,10754.8,5217.0,10754.8
scaling,NodePerformance-100,sax-scalar-unique-fallback,validation_dom_us,10,0.33999999999999997,0.3,0.5,0.3,0.5
scaling,NodePerformance-100,sax-scalar-unique-fallback,schema_compile_us,10,5705.950000000001,5402.15,8646.7,4536.6,8646.7
scaling,NodePerformance-100,sax-scalar-unique-fallback,schema_locate_us,10,2663.42,2578.4500000000003,3739.7,2080.3,3739.7
scaling,NodePerformance-100,sax-scalar-unique-fallback,schema_parse_us,10,2590.56,2505.25,3649.3999999999996,2016.4999999999995,3649.3999999999996
scaling,NodePerformance-100,sax-scalar-unique-fallback,schema_populate_us,10,5457.22,5152.7,8334.0,4343.3,8334.0
scaling,NodePerformance-100,sax-scalar-unique-fallback,validate_us,10,11828.19,10510.35,18169.1,8905.3,18169.1
scaling,NodePerformance-100,sax-scalar-unique-fallback,typed_us,10,7411.5,5963.299999999999,12846.7,5456.3,12846.7
scaling,NodePerformance-100,sax-scalar-unique-fallback,buffer_read_us,10,33396.19,31641.1,41241.6,30008.1,41241.6
scaling,NodePerformance-100,sax-scalar-unique-fallback,image_read_us,10,1762.3600000000001,1569.95,2409.6,1431.9,2409.6
scaling,NodePerformance-100,sax-scalar-unique-fallback,accessors_us,10,1907.5,1555.15,3249.1,1437.5,3249.1
scaling,NodePerformance-100,sax-scalar-unique-fallback,animations_us,10,1.04,1.0,1.6,0.7,1.6
scaling,NodePerformance-100,sax-scalar-unique-fallback,buffers_us,10,4.25,4.0,5.6,3.6,5.6
scaling,NodePerformance-100,sax-scalar-unique-fallback,buffer_views_us,10,1728.28,1444.7,3146.6,1219.2,3146.6
scaling,NodePerformance-100,sax-scalar-unique-fallback,cameras_us,10,9.719999999999999,8.75,12.7,7.0,12.7
scaling,NodePerformance-100,sax-scalar-unique-fallback,images_us,10,308.2,283.75,493.0,205.9,493.0
scaling,NodePerformance-100,sax-scalar-unique-fallback,materials_us,10,1804.09,1599.0,2910.1,1231.2,2910.1
scaling,NodePerformance-100,sax-scalar-unique-fallback,meshes_us,10,798.43,612.8,1314.1,576.0,1314.1
scaling,NodePerformance-100,sax-scalar-unique-fallback,nodes_us,10,541.74,460.3,1073.7,409.4,1073.7
scaling,NodePerformance-100,sax-scalar-unique-fallback,samplers_us,10,4.05,3.9,5.7,3.5,5.7
scaling,NodePerformance-100,sax-scalar-unique-fallback,scenes_us,10,15.24,13.850000000000001,20.9,13.3,20.9
scaling,NodePerformance-100,sax-scalar-unique-fallback,skins_us,10,0.6599999999999999,0.7,0.8,0.5,0.8
scaling,NodePerformance-100,sax-scalar-unique-fallback,textures_us,10,233.0,187.1,539.1,176.0,539.1
scaling,NodePerformance-100,sax-scalar-unique-fallback,typed_other_us,10,16.919999999999998,14.55,28.4,13.4,28.4
scaling,NodePerformance-100,sax-scalar-unique-fallback,serializer_dom_us,10,0.0,0.0,0.0,0.0,0.0
scaling,NodePerformance-100,sax-scalar-unique-fallback,serializer_text_us,10,0.0,0.0,0.0,0.0,0.0
scaling,NodePerformance-100,sax-scalar-unique-fallback,resource_write_us,10,0.0,0.0,0.0,0.0,0.0
scaling,NodePerformance-1000,current,total_load_us,7,469666.7,464433.9,507278.9,437211.9,507278.9
scaling,NodePerformance-1000,current,file_open_us,7,308.4142857142857,309.5,365.3,256.1,365.3
scaling,NodePerformance-1000,current,json_chunk_us,7,1561.5714285714287,1544.8,1634.8,1469.4,1634.8
scaling,NodePerformance-1000,current,strict_parse_us,7,208417.51428571428,207284.3,236843.6,183959.1,236843.6
scaling,NodePerformance-1000,current,validation_dom_us,7,0.37142857142857144,0.4,0.5,0.3,0.5
scaling,NodePerformance-1000,current,schema_compile_us,7,5596.471428571429,4155.7,11970.7,3964.8,11970.7
scaling,NodePerformance-1000,current,schema_locate_us,7,2453.7285714285717,2032.4999999999995,4323.700000000001,1824.9,4323.700000000001
scaling,NodePerformance-1000,current,schema_parse_us,7,2386.8714285714286,1961.5,4207.6,1775.3000000000002,4207.6
scaling,NodePerformance-1000,current,schema_populate_us,7,5318.314285714286,3838.7,11628.2,3764.2,11628.2
scaling,NodePerformance-1000,current,validate_us,7,145753.97142857144,141486.5,182403.0,129640.6,182403.0
scaling,NodePerformance-1000,current,typed_us,7,71256.57142857143,72688.9,81578.2,57047.1,81578.2
scaling,NodePerformance-1000,current,buffer_read_us,7,34957.614285714284,32442.6,44096.2,29895.3,44096.2
scaling,NodePerformance-1000,current,image_read_us,7,1786.3428571428572,1918.3,2089.8,1408.2,2089.8
scaling,NodePerformance-1000,current,accessors_us,7,20572.185714285715,19912.7,25670.8,17383.8,25670.8
scaling,NodePerformance-1000,current,animations_us,7,1.2142857142857144,1.1,1.6,1.0,1.6
scaling,NodePerformance-1000,current,buffers_us,7,4.714285714285714,4.1,7.0,3.8,7.0
scaling,NodePerformance-1000,current,buffer_views_us,7,15114.042857142857,14610.3,20878.1,11208.1,20878.1
scaling,NodePerformance-1000,current,cameras_us,7,11.442857142857143,10.5,14.4,10.0,14.4
scaling,NodePerformance-1000,current,images_us,7,315.5,277.7,436.6,250.3,436.6
scaling,NodePerformance-1000,current,materials_us,7,16744.35714285714,16302.7,20807.6,12668.1,20807.6
scaling,NodePerformance-1000,current,meshes_us,7,8970.7,8584.4,11477.9,7322.7,11477.9
scaling,NodePerformance-1000,current,nodes_us,7,6304.814285714286,4670.4,9841.3,4378.3,9841.3
scaling,NodePerformance-1000,current,samplers_us,7,6.271428571428571,5.2,9.9,4.3,9.9
scaling,NodePerformance-1000,current,scenes_us,7,156.34285714285716,122.4,230.7,104.6,230.7
scaling,NodePerformance-1000,current,skins_us,7,0.8142857142857143,0.7,1.3,0.6,1.3
scaling,NodePerformance-1000,current,textures_us,7,2973.942857142857,3011.0,4534.6,1855.3,4534.6
scaling,NodePerformance-1000,current,typed_other_us,7,31.45714285714286,31.7,41.7,22.1,41.7
scaling,NodePerformance-1000,current,serializer_dom_us,7,0.0,0.0,0.0,0.0,0.0
scaling,NodePerformance-1000,current,serializer_text_us,7,0.0,0.0,0.0,0.0,0.0
scaling,NodePerformance-1000,current,resource_write_us,7,0.0,0.0,0.0,0.0,0.0
scaling,NodePerformance-1000,sax-scalar-unique-fallback,total_load_us,10,269523.46,278101.94999999995,305777.0,220410.4,305777.0
scaling,NodePerformance-1000,sax-scalar-unique-fallback,file_open_us,10,853.22,308.9,4190.1,207.1,4190.1
scaling,NodePerformance-1000,sax-scalar-unique-fallback,json_chunk_us,10,1767.25,1522.3000000000002,3194.8,1455.2,3194.8
scaling,NodePerformance-1000,sax-scalar-unique-fallback,strict_parse_us,10,61849.57,53238.2,94772.7,49684.9,94772.7
scaling,NodePerformance-1000,sax-scalar-unique-fallback,validation_dom_us,10,0.38,0.4,0.5,0.3,0.5
scaling,NodePerformance-1000,sax-scalar-unique-fallback,schema_compile_us,10,5078.73,4425.950000000001,7856.2,3931.6,7856.2
scaling,NodePerformance-1000,sax-scalar-unique-fallback,schema_locate_us,10,2392.0899999999997,2011.3000000000002,3756.7999999999997,1857.3000000000002,3756.7999999999997
scaling,NodePerformance-1000,sax-scalar-unique-fallback,schema_parse_us,10,2327.2000000000003,1957.5,3670.1000000000004,1805.7999999999997,3670.1000000000004
scaling,NodePerformance-1000,sax-scalar-unique-fallback,schema_populate_us,10,4839.2699999999995,4230.5,7501.2,3746.4,7501.2
scaling,NodePerformance-1000,sax-scalar-unique-fallback,validate_us,10,102588.53,101471.9,126495.2,79103.0,126495.2
scaling,NodePerformance-1000,sax-scalar-unique-fallback,typed_us,10,62512.48,60288.8,94005.2,52983.0,94005.2
scaling,NodePerformance-1000,sax-scalar-unique-fallback,buffer_read_us,10,33239.28,31523.3,42589.0,29518.6,42589.0
scaling,NodePerformance-1000,sax-scalar-unique-fallback,image_read_us,10,1604.8899999999999,1461.0500000000002,2369.7,1362.8,2369.7
scaling,NodePerformance-1000,sax-scalar-unique-fallback,accessors_us,10,19242.32,19353.8,24893.6,16355.2,24893.6
scaling,NodePerformance-1000,sax-scalar-unique-fallback,animations_us,10,1.32,1.25,1.7,1.1,1.7
scaling,NodePerformance-1000,sax-scalar-unique-fallback,buffers_us,10,5.109999999999999,4.75,7.1,4.1,7.1
scaling,NodePerformance-1000,sax-scalar-unique-fallback,buffer_views_us,10,14067.3,12558.55,23180.4,10758.6,23180.4
scaling,NodePerformance-1000,sax-scalar-unique-fallback,cameras_us,10,11.62,11.15,14.1,10.4,14.1
scaling,NodePerformance-1000,sax-scalar-unique-fallback,images_us,10,294.05,262.65,437.0,235.9,437.0
scaling,NodePerformance-1000,sax-scalar-unique-fallback,materials_us,10,14163.15,13123.2,25072.8,11127.3,25072.8
scaling,NodePerformance-1000,sax-scalar-unique-fallback,meshes_us,10,7381.65,6910.95,11591.4,6231.2,11591.4
scaling,NodePerformance-1000,sax-scalar-unique-fallback,nodes_us,10,5179.66,4478.65,7772.6,4191.9,7772.6
scaling,NodePerformance-1000,sax-scalar-unique-fallback,samplers_us,10,5.08,4.75,6.4,4.3,6.4
scaling,NodePerformance-1000,sax-scalar-unique-fallback,scenes_us,10,120.62,106.9,170.5,105.7,170.5
scaling,NodePerformance-1000,sax-scalar-unique-fallback,skins_us,10,0.75,0.7,1.1,0.6,1.1
scaling,NodePerformance-1000,sax-scalar-unique-fallback,textures_us,10,1982.79,1914.05,2429.3,1743.1,2429.3
scaling,NodePerformance-1000,sax-scalar-unique-fallback,typed_other_us,10,23.31,21.0,40.8,17.0,40.8
scaling,NodePerformance-1000,sax-scalar-unique-fallback,serializer_dom_us,10,0.0,0.0,0.0,0.0,0.0
scaling,NodePerformance-1000,sax-scalar-unique-fallback,serializer_text_us,10,0.0,0.0,0.0,0.0,0.0
scaling,NodePerformance-1000,sax-scalar-unique-fallback,resource_write_us,10,0.0,0.0,0.0,0.0,0.0
scaling,NodePerformance-5000,current,total_load_us,7,6052844.285714286,5726303.9,7140653.7,5317646.7,7140653.7
scaling,NodePerformance-5000,current,file_open_us,7,336.5,331.0,384.7,303.7,384.7
scaling,NodePerformance-5000,current,json_chunk_us,7,7825.157142857143,7834.0,8309.5,7546.3,8309.5
scaling,NodePerformance-5000,current,strict_parse_us,7,4170680.7285714285,4076826.8,5031344.0,3472831.7,5031344.0
scaling,NodePerformance-5000,current,validation_dom_us,7,0.34285714285714286,0.3,0.4,0.3,0.4
scaling,NodePerformance-5000,current,schema_compile_us,7,6003.214285714286,5130.8,12058.0,4001.0,12058.0
scaling,NodePerformance-5000,current,schema_locate_us,7,2884.1714285714284,2490.6,5975.7,1878.2,5975.7
scaling,NodePerformance-5000,current,schema_parse_us,7,2809.2285714285717,2420.7999999999993,5858.000000000001,1814.0,5858.000000000001
scaling,NodePerformance-5000,current,schema_populate_us,7,5736.185714285714,4788.1,11706.6,3782.1,11706.6
scaling,NodePerformance-5000,current,validate_us,7,1431140.0285714285,1379791.2,1746319.4,1252788.7,1746319.4
scaling,NodePerformance-5000,current,typed_us,7,399711.4428571428,391089.1,574445.5,316541.6,574445.5
scaling,NodePerformance-5000,current,buffer_read_us,7,35433.07142857143,33798.0,42597.5,30332.9,42597.5
scaling,NodePerformance-5000,current,image_read_us,7,1685.3285714285714,1608.9,2094.7,1484.6,2094.7
scaling,NodePerformance-5000,current,accessors_us,7,112249.5,109213.6,147593.0,90193.0,147593.0
scaling,NodePerformance-5000,current,animations_us,7,1.3142857142857143,1.2,2.1,1.1,2.1
scaling,NodePerformance-5000,current,buffers_us,7,4.871428571428571,4.5,7.1,4.3,7.1
scaling,NodePerformance-5000,current,buffer_views_us,7,81260.71428571429,81270.2,102533.1,68405.6,102533.1
scaling,NodePerformance-5000,current,cameras_us,7,11.142857142857142,10.5,13.1,9.9,13.1
scaling,NodePerformance-5000,current,images_us,7,322.6857142857143,293.3,505.6,255.0,505.6
scaling,NodePerformance-5000,current,materials_us,7,101809.45714285714,91099.8,161645.8,83728.4,161645.8
scaling,NodePerformance-5000,current,meshes_us,7,56492.28571428572,50593.1,93847.1,37907.6,93847.1
scaling,NodePerformance-5000,current,nodes_us,7,32325.67142857143,26398.5,58938.4,23343.8,58938.4
scaling,NodePerformance-5000,current,samplers_us,7,5.014285714285714,5.0,5.3,4.7,5.3
scaling,NodePerformance-5000,current,scenes_us,7,607.1,547.3,824.9,524.4,824.9
scaling,NodePerformance-5000,current,skins_us,7,0.9285714285714285,0.7,1.9,0.6,1.9
scaling,NodePerformance-5000,current,textures_us,7,14540.3,12117.2,21187.6,11189.1,21187.6
scaling,NodePerformance-5000,current,typed_other_us,7,36.55714285714286,25.9,99.5,23.8,99.5
scaling,NodePerformance-5000,current,serializer_dom_us,7,0.0,0.0,0.0,0.0,0.0
scaling,NodePerformance-5000,current,serializer_text_us,7,0.0,0.0,0.0,0.0,0.0
scaling,NodePerformance-5000,current,resource_write_us,7,0.0,0.0,0.0,0.0,0.0
scaling,NodePerformance-5000,sax-scalar-unique-fallback,total_load_us,10,1243789.19,1251386.75,1500525.2,1049382.4,1500525.2
scaling,NodePerformance-5000,sax-scalar-unique-fallback,file_open_us,10,826.87,341.4,5273.4,234.4,5273.4
scaling,NodePerformance-5000,sax-scalar-unique-fallback,json_chunk_us,10,9332.18,7518.7,21647.9,7274.0,21647.9
scaling,NodePerformance-5000,sax-scalar-unique-fallback,strict_parse_us,10,297610.63,281389.19999999995,370246.0,249312.4,370246.0
scaling,NodePerformance-5000,sax-scalar-unique-fallback,validation_dom_us,10,0.41000000000000003,0.4,0.6,0.3,0.6
scaling,NodePerformance-5000,sax-scalar-unique-fallback,schema_compile_us,10,5904.69,4167.2,12896.1,3889.5,12896.1
scaling,NodePerformance-5000,sax-scalar-unique-fallback,schema_locate_us,10,2502.15,1899.3999999999994,4578.5,1812.4,4578.5
scaling,NodePerformance-5000,sax-scalar-unique-fallback,schema_parse_us,10,2417.04,1843.4499999999998,4298.100000000001,1754.5,4298.100000000001
scaling,NodePerformance-5000,sax-scalar-unique-fallback,schema_populate_us,10,5671.72,3963.05,12570.4,3687.6,12570.4
scaling,NodePerformance-5000,sax-scalar-unique-fallback,validate_us,10,498558.93,464458.3,712335.9,402757.2,712335.9
scaling,NodePerformance-5000,sax-scalar-unique-fallback,typed_us,10,398197.9,395443.80000000005,497178.4,332568.0,497178.4
scaling,NodePerformance-5000,sax-scalar-unique-fallback,buffer_read_us,10,31628.35,31491.949999999997,35331.6,29286.8,35331.6
scaling,NodePerformance-5000,sax-scalar-unique-fallback,image_read_us,10,1696.03,1680.1,2076.6,1460.9,2076.6
scaling,NodePerformance-5000,sax-scalar-unique-fallback,accessors_us,10,130652.65,120443.75,205488.6,94283.5,205488.6
scaling,NodePerformance-5000,sax-scalar-unique-fallback,animations_us,10,1.3,1.25,1.7,0.9,1.7
scaling,NodePerformance-5000,sax-scalar-unique-fallback,buffers_us,10,4.83,4.5,6.8,3.9,6.8
scaling,NodePerformance-5000,sax-scalar-unique-fallback,buffer_views_us,10,80690.68,80416.9,93041.5,67528.4,93041.5
scaling,NodePerformance-5000,sax-scalar-unique-fallback,cameras_us,10,11.51,11.149999999999999,15.1,10.3,15.1
scaling,NodePerformance-5000,sax-scalar-unique-fallback,images_us,10,358.06,297.85,915.1,258.9,915.1
scaling,NodePerformance-5000,sax-scalar-unique-fallback,materials_us,10,94792.6,90894.8,129490.2,72279.8,129490.2
scaling,NodePerformance-5000,sax-scalar-unique-fallback,meshes_us,10,49910.95,42044.65,83099.7,37927.1,83099.7
scaling,NodePerformance-5000,sax-scalar-unique-fallback,nodes_us,10,28585.25,24954.2,44578.7,23243.2,44578.7
scaling,NodePerformance-5000,sax-scalar-unique-fallback,samplers_us,10,5.69,5.25,7.5,4.7,7.5
scaling,NodePerformance-5000,sax-scalar-unique-fallback,scenes_us,10,640.2,561.2,1018.3,523.9,1018.3
scaling,NodePerformance-5000,sax-scalar-unique-fallback,skins_us,10,1.06,0.8500000000000001,2.2,0.6,2.2
scaling,NodePerformance-5000,sax-scalar-unique-fallback,textures_us,10,12477.4,11646.25,17054.8,10198.8,17054.8
scaling,NodePerformance-5000,sax-scalar-unique-fallback,typed_other_us,10,27.2,25.15,40.599999999999994,23.7,40.599999999999994
scaling,NodePerformance-5000,sax-scalar-unique-fallback,serializer_dom_us,10,0.0,0.0,0.0,0.0,0.0
scaling,NodePerformance-5000,sax-scalar-unique-fallback,serializer_text_us,10,0.0,0.0,0.0,0.0,0.0
scaling,NodePerformance-5000,sax-scalar-unique-fallback,resource_write_us,10,0.0,0.0,0.0,0.0,0.0
serialization,ABeautifulGame-glb,sax-scalar-unique-fallback,total_load_us,5,85961.9,84903.3,90906.8,83068.9,90906.8
serialization,ABeautifulGame-glb,sax-scalar-unique-fallback,file_open_us,5,368.56,378.0,415.2,329.9,415.2
serialization,ABeautifulGame-glb,sax-scalar-unique-fallback,json_chunk_us,5,102.48,98.8,132.9,84.9,132.9
serialization,ABeautifulGame-glb,sax-scalar-unique-fallback,strict_parse_us,5,1970.0600000000002,1699.8,2554.3,1665.9,2554.3
serialization,ABeautifulGame-glb,sax-scalar-unique-fallback,validation_dom_us,5,0.16,0.2,0.2,0.1,0.2
serialization,ABeautifulGame-glb,sax-scalar-unique-fallback,schema_compile_us,5,4803.1,4225.6,7106.9,4000.5,7106.9
serialization,ABeautifulGame-glb,sax-scalar-unique-fallback,schema_locate_us,5,2242.6,2041.8000000000004,3045.9,1908.2,3045.9
serialization,ABeautifulGame-glb,sax-scalar-unique-fallback,schema_parse_us,5,2181.7799999999997,1960.4,2968.4999999999995,1862.9,2968.4999999999995
serialization,ABeautifulGame-glb,sax-scalar-unique-fallback,schema_populate_us,5,4569.32,3972.6,6876.8,3815.8,6876.8
serialization,ABeautifulGame-glb,sax-scalar-unique-fallback,validate_us,5,2585.64,2286.6,3657.2,2257.2,3657.2
serialization,ABeautifulGame-glb,sax-scalar-unique-fallback,typed_us,5,1360.24,1365.1,1407.3,1310.0,1407.3
serialization,ABeautifulGame-glb,sax-scalar-unique-fallback,buffer_read_us,5,51729.14,52595.1,53074.7,49935.6,53074.7
serialization,ABeautifulGame-glb,sax-scalar-unique-fallback,image_read_us,5,23021.8,22574.1,24653.4,22334.6,24653.4
serialization,ABeautifulGame-glb,sax-scalar-unique-fallback,accessors_us,5,332.94,338.3,346.2,308.0,346.2
serialization,ABeautifulGame-glb,sax-scalar-unique-fallback,animations_us,5,0.5,0.5,0.6,0.4,0.6
serialization,ABeautifulGame-glb,sax-scalar-unique-fallback,buffers_us,5,2.82,2.8,3.2,2.5,3.2
serialization,ABeautifulGame-glb,sax-scalar-unique-fallback,buffer_views_us,5,270.04,270.4,275.7,261.5,275.7
serialization,ABeautifulGame-glb,sax-scalar-unique-fallback,cameras_us,5,0.54,0.5,0.6,0.5,0.6
serialization,ABeautifulGame-glb,sax-scalar-unique-fallback,images_us,5,66.44,66.1,70.0,62.4,70.0
serialization,ABeautifulGame-glb,sax-scalar-unique-fallback,materials_us,5,274.78000000000003,271.1,298.3,249.8,298.3
serialization,ABeautifulGame-glb,sax-scalar-unique-fallback,meshes_us,5,97.74,94.5,114.1,92.1,114.1
serialization,ABeautifulGame-glb,sax-scalar-unique-fallback,nodes_us,5,197.52,197.3,219.2,178.5,219.2
serialization,ABeautifulGame-glb,sax-scalar-unique-fallback,samplers_us,5,2.98,2.9,3.3,2.8,3.3
serialization,ABeautifulGame-glb,sax-scalar-unique-fallback,scenes_us,5,6.34,6.4,6.5,6.0,6.5
serialization,ABeautifulGame-glb,sax-scalar-unique-fallback,skins_us,5,0.64,0.6,0.9,0.5,0.9
serialization,ABeautifulGame-glb,sax-scalar-unique-fallback,textures_us,5,68.48,63.6,83.5,63.3,83.5
serialization,ABeautifulGame-glb,sax-scalar-unique-fallback,typed_other_us,5,6.94,6.6,8.100000000000001,6.1,8.100000000000001
serialization,ABeautifulGame-glb,sax-scalar-unique-fallback,serializer_dom_us,5,1202.82,1217.7,1220.8,1170.0,1220.8
serialization,ABeautifulGame-glb,sax-scalar-unique-fallback,serializer_text_us,5,327.96,338.8,347.5,305.7,347.5
serialization,ABeautifulGame-glb,sax-scalar-unique-fallback,resource_write_us,5,268954.16000000003,260380.5,294355.7,254222.4,294355.7
serialization,Avocado-glb,sax-scalar-unique-fallback,total_load_us,5,26073.16,25123.9,31980.4,23567.5,31980.4
serialization,Avocado-glb,sax-scalar-unique-fallback,file_open_us,5,336.46000000000004,306.6,486.3,267.8,486.3
serialization,Avocado-glb,sax-scalar-unique-fallback,json_chunk_us,5,58.82,39.6,123.5,36.2,123.5
serialization,Avocado-glb,sax-scalar-unique-fallback,strict_parse_us,5,145.74,134.3,196.2,131.4,196.2
serialization,Avocado-glb,sax-scalar-unique-fallback,validation_dom_us,5,0.12000000000000001,0.1,0.2,0.1,0.2
serialization,Avocado-glb,sax-scalar-unique-fallback,schema_compile_us,5,4386.24,4158.8,5157.5,4147.3,5157.5
serialization,Avocado-glb,sax-scalar-unique-fallback,schema_locate_us,5,2106.6,2006.8999999999999,2472.4,1999.6999999999998,2472.4
serialization,Avocado-glb,sax-scalar-unique-fallback,schema_parse_us,5,2051.2599999999998,1957.9999999999998,2404.3999999999996,1943.3,2404.3999999999996
serialization,Avocado-glb,sax-scalar-unique-fallback,schema_populate_us,5,4186.9,3957.6,4966.7,3948.7,4966.7
serialization,Avocado-glb,sax-scalar-unique-fallback,validate_us,5,205.24,186.7,284.0,179.1,284.0
serialization,Avocado-glb,sax-scalar-unique-fallback,typed_us,5,120.86,114.8,142.6,102.7,142.6
serialization,Avocado-glb,sax-scalar-unique-fallback,buffer_read_us,5,10549.7,9700.9,14264.1,9323.0,14264.1
serialization,Avocado-glb,sax-scalar-unique-fallback,image_read_us,5,10253.84,10266.2,12144.3,9057.4,12144.3
serialization,Avocado-glb,sax-scalar-unique-fallback,accessors_us,5,25.12,23.2,34.2,20.8,34.2
serialization,Avocado-glb,sax-scalar-unique-fallback,animations_us,5,0.46,0.5,0.5,0.4,0.5
serialization,Avocado-glb,sax-scalar-unique-fallback,buffers_us,5,2.66,2.5,3.0,2.5,3.0
serialization,Avocado-glb,sax-scalar-unique-fallback,buffer_views_us,5,19.14,18.8,21.8,18.0,21.8
serialization,Avocado-glb,sax-scalar-unique-fallback,cameras_us,5,0.46,0.5,0.5,0.4,0.5
serialization,Avocado-glb,sax-scalar-unique-fallback,images_us,5,6.6,6.7,7.0,6.0,7.0
serialization,Avocado-glb,sax-scalar-unique-fallback,materials_us,5,8.88,8.9,9.1,8.6,9.1
serialization,Avocado-glb,sax-scalar-unique-fallback,meshes_us,5,7.18,7.1,7.7,6.9,7.7
serialization,Avocado-glb,sax-scalar-unique-fallback,nodes_us,5,6.3,5.0,12.1,4.7,12.1
serialization,Avocado-glb,sax-scalar-unique-fallback,samplers_us,5,0.7,0.7,0.9,0.5,0.9
serialization,Avocado-glb,sax-scalar-unique-fallback,scenes_us,5,2.7600000000000002,2.7,2.9,2.7,2.9
serialization,Avocado-glb,sax-scalar-unique-fallback,skins_us,5,0.48,0.5,0.6,0.4,0.6
serialization,Avocado-glb,sax-scalar-unique-fallback,textures_us,5,5.8,5.8,6.1,5.6,6.1
serialization,Avocado-glb,sax-scalar-unique-fallback,typed_other_us,5,5.68,5.3,7.199999999999999,5.0,7.199999999999999
serialization,Avocado-glb,sax-scalar-unique-fallback,serializer_dom_us,5,124.64,125.0,136.3,115.9,136.3
serialization,Avocado-glb,sax-scalar-unique-fallback,serializer_text_us,5,38.2,33.3,58.7,30.0,58.7
serialization,Avocado-glb,sax-scalar-unique-fallback,resource_write_us,5,50616.5,49653.6,54703.7,48391.5,54703.7
serialization,NodePerformanceTest-glb,sax-scalar-unique-fallback,total_load_us,5,2293506.7800000003,2266871.9,2567921.7,2039410.8,2567921.7
serialization,NodePerformanceTest-glb,sax-scalar-unique-fallback,file_open_us,5,359.76,332.4,434.5,314.9,434.5
serialization,NodePerformanceTest-glb,sax-scalar-unique-fallback,json_chunk_us,5,15593.52,14957.5,17828.8,14540.3,17828.8
serialization,NodePerformanceTest-glb,sax-scalar-unique-fallback,strict_parse_us,5,591684.24,578874.9,709682.2,491332.1,709682.2
serialization,NodePerformanceTest-glb,sax-scalar-unique-fallback,validation_dom_us,5,0.4,0.4,0.6,0.3,0.6
serialization,NodePerformanceTest-glb,sax-scalar-unique-fallback,schema_compile_us,5,4020.54,3988.2,4273.0,3891.0,4273.0
serialization,NodePerformanceTest-glb,sax-scalar-unique-fallback,schema_locate_us,5,1876.0399999999997,1873.3999999999994,1951.5999999999997,1813.2,1951.5999999999997
serialization,NodePerformanceTest-glb,sax-scalar-unique-fallback,schema_parse_us,5,1812.6399999999999,1806.3,1882.9999999999998,1769.6,1882.9999999999998
serialization,NodePerformanceTest-glb,sax-scalar-unique-fallback,schema_populate_us,5,3819.2799999999997,3787.4,4077.2,3697.7,4077.2
serialization,NodePerformanceTest-glb,sax-scalar-unique-fallback,validate_us,5,954161.9,897352.0,1173186.7,812487.6,1173186.7
serialization,NodePerformanceTest-glb,sax-scalar-unique-fallback,typed_us,5,694700.22,701713.6,768978.6,632885.7,768978.6
serialization,NodePerformanceTest-glb,sax-scalar-unique-fallback,buffer_read_us,5,31369.48,31086.3,33677.3,29936.6,33677.3
serialization,NodePerformanceTest-glb,sax-scalar-unique-fallback,image_read_us,5,1587.18,1512.2,1919.4,1484.5,1919.4
serialization,NodePerformanceTest-glb,sax-scalar-unique-fallback,accessors_us,5,187731.82,180987.0,211993.3,168384.8,211993.3
serialization,NodePerformanceTest-glb,sax-scalar-unique-fallback,animations_us,5,1.24,1.2,1.6,1.1,1.6
serialization,NodePerformanceTest-glb,sax-scalar-unique-fallback,buffers_us,5,4.94,4.4,6.4,4.0,6.4
serialization,NodePerformanceTest-glb,sax-scalar-unique-fallback,buffer_views_us,5,129473.54,132444.3,134471.5,121205.2,134471.5
serialization,NodePerformanceTest-glb,sax-scalar-unique-fallback,cameras_us,5,11.22,11.3,12.0,10.5,12.0
serialization,NodePerformanceTest-glb,sax-scalar-unique-fallback,images_us,5,315.84,318.8,337.9,282.4,337.9
serialization,NodePerformanceTest-glb,sax-scalar-unique-fallback,materials_us,5,199602.56,188389.4,234189.7,180378.5,234189.7
serialization,NodePerformanceTest-glb,sax-scalar-unique-fallback,meshes_us,5,88361.0,89171.0,94474.2,81358.2,94474.2
serialization,NodePerformanceTest-glb,sax-scalar-unique-fallback,nodes_us,5,60167.74,51979.5,82265.2,49077.9,82265.2
serialization,NodePerformanceTest-glb,sax-scalar-unique-fallback,samplers_us,5,5.56,5.4,7.1,4.7,7.1
serialization,NodePerformanceTest-glb,sax-scalar-unique-fallback,scenes_us,5,1129.84,1063.5,1403.1,1045.8,1403.1
serialization,NodePerformanceTest-glb,sax-scalar-unique-fallback,skins_us,5,1.02,1.1,1.4,0.7,1.4
serialization,NodePerformanceTest-glb,sax-scalar-unique-fallback,textures_us,5,27828.68,26524.1,34754.2,24125.6,34754.2
serialization,NodePerformanceTest-glb,sax-scalar-unique-fallback,typed_other_us,5,24.96,24.6,26.5,23.299999999999997,26.5
serialization,NodePerformanceTest-glb,sax-scalar-unique-fallback,serializer_dom_us,5,610590.9400000001,628318.7,689391.4,519459.9,689391.4
serialization,NodePerformanceTest-glb,sax-scalar-unique-fallback,serializer_text_us,5,155570.94,148897.5,181167.9,144600.4,181167.9
serialization,NodePerformanceTest-glb,sax-scalar-unique-fallback,resource_write_us,5,185481.04,174048.7,219676.1,158077.5,219676.1
variants,NodePerformanceTest-glb,cached-sax-scalar-unique-fallback,total_load_us,15,1950002.18,1938723.1,2023465.8,1896884.0,2023465.8
variants,NodePerformanceTest-glb,cached-sax-scalar-unique-fallback,file_open_us,15,350.03333333333336,348.5,421.3,313.5,421.3
variants,NodePerformanceTest-glb,cached-sax-scalar-unique-fallback,json_chunk_us,15,14779.433333333334,14607.6,16537.4,14255.0,16537.4
variants,NodePerformanceTest-glb,cached-sax-scalar-unique-fallback,strict_parse_us,15,497158.4533333333,495709.3,515786.2,481550.3,515786.2
variants,NodePerformanceTest-glb,cached-sax-scalar-unique-fallback,validation_dom_us,15,0.43333333333333335,0.4,0.7,0.3,0.7
variants,NodePerformanceTest-glb,cached-sax-scalar-unique-fallback,schema_compile_us,15,0.0,0.0,0.0,0.0,0.0
variants,NodePerformanceTest-glb,cached-sax-scalar-unique-fallback,schema_locate_us,15,0.0,0.0,0.0,0.0,0.0
variants,NodePerformanceTest-glb,cached-sax-scalar-unique-fallback,schema_parse_us,15,0.0,0.0,0.0,0.0,0.0
variants,NodePerformanceTest-glb,cached-sax-scalar-unique-fallback,schema_populate_us,15,0.0,0.0,0.0,0.0,0.0
variants,NodePerformanceTest-glb,cached-sax-scalar-unique-fallback,validate_us,15,794645.4333333333,789802.3,859173.3,772283.6,859173.3
variants,NodePerformanceTest-glb,cached-sax-scalar-unique-fallback,typed_us,15,611467.04,609430.4,660865.3,580253.1,660865.3
variants,NodePerformanceTest-glb,cached-sax-scalar-unique-fallback,buffer_read_us,15,30008.206666666665,29611.8,33538.6,28800.0,33538.6
variants,NodePerformanceTest-glb,cached-sax-scalar-unique-fallback,image_read_us,15,1566.3866666666668,1525.6,2066.8,1453.1,2066.8
variants,NodePerformanceTest-glb,cached-sax-scalar-unique-fallback,accessors_us,15,166169.52,163012.9,194139.6,154076.1,194139.6
variants,NodePerformanceTest-glb,cached-sax-scalar-unique-fallback,animations_us,15,1.28,1.3,1.5,1.1,1.5
variants,NodePerformanceTest-glb,cached-sax-scalar-unique-fallback,buffers_us,15,7.093333333333334,6.3,21.5,5.0,21.5
variants,NodePerformanceTest-glb,cached-sax-scalar-unique-fallback,buffer_views_us,15,120662.87333333334,118829.8,130793.3,114611.5,130793.3
variants,NodePerformanceTest-glb,cached-sax-scalar-unique-fallback,cameras_us,15,11.853333333333333,10.8,24.1,10.0,24.1
variants,NodePerformanceTest-glb,cached-sax-scalar-unique-fallback,images_us,15,296.6066666666667,277.2,475.8,240.0,475.8
variants,NodePerformanceTest-glb,cached-sax-scalar-unique-fallback,materials_us,15,163123.09333333332,160150.0,201716.2,153530.9,201716.2
variants,NodePerformanceTest-glb,cached-sax-scalar-unique-fallback,meshes_us,15,85727.61333333333,81815.0,126269.1,78467.6,126269.1
variants,NodePerformanceTest-glb,cached-sax-scalar-unique-fallback,nodes_us,15,49603.00666666667,48875.4,55844.4,46485.8,55844.4
variants,NodePerformanceTest-glb,cached-sax-scalar-unique-fallback,samplers_us,15,4.806666666666667,4.8,5.3,4.4,5.3
variants,NodePerformanceTest-glb,cached-sax-scalar-unique-fallback,scenes_us,15,1057.9533333333334,1052.6,1210.8,964.8,1210.8
variants,NodePerformanceTest-glb,cached-sax-scalar-unique-fallback,skins_us,15,0.8866666666666667,0.9,1.3,0.6,1.3
variants,NodePerformanceTest-glb,cached-sax-scalar-unique-fallback,textures_us,15,24735.38,24495.8,28643.1,22816.0,28643.1
variants,NodePerformanceTest-glb,cached-sax-scalar-unique-fallback,typed_other_us,15,27.02,25.799999999999997,34.6,24.7,34.6
variants,NodePerformanceTest-glb,cached-sax-scalar-unique-fallback,serializer_dom_us,15,0.0,0.0,0.0,0.0,0.0
variants,NodePerformanceTest-glb,cached-sax-scalar-unique-fallback,serializer_text_us,15,0.0,0.0,0.0,0.0,0.0
variants,NodePerformanceTest-glb,cached-sax-scalar-unique-fallback,resource_write_us,15,0.0,0.0,0.0,0.0,0.0
variants,NodePerformanceTest-glb,current,total_load_us,7,17946729.671428572,17780771.3,19039248.3,17522805.0,19039248.3
variants,NodePerformanceTest-glb,current,file_open_us,7,338.9,349.5,375.5,298.0,375.5
variants,NodePerformanceTest-glb,current,json_chunk_us,7,15215.414285714285,14926.7,17042.8,14290.0,17042.8
variants,NodePerformanceTest-glb,current,strict_parse_us,7,13323950.028571429,13174007.7,14243256.9,12915137.9,14243256.9
variants,NodePerformanceTest-glb,current,validation_dom_us,7,0.38571428571428573,0.3,0.6,0.3,0.6
variants,NodePerformanceTest-glb,current,schema_compile_us,7,4296.114285714286,4207.5,5062.2,3859.7,5062.2
variants,NodePerformanceTest-glb,current,schema_locate_us,7,2033.1285714285714,1966.0,2434.4999999999995,1829.1999999999998,2434.4999999999995
variants,NodePerformanceTest-glb,current,schema_parse_us,7,1971.2285714285715,1892.4,2354.8,1782.6000000000004,2354.8
variants,NodePerformanceTest-glb,current,schema_populate_us,7,4096.5,4021.0,4806.9,3674.3,4806.9
variants,NodePerformanceTest-glb,current,validate_us,7,3886263.5428571426,3881237.3,4048779.6,3794905.6,4048779.6
variants,NodePerformanceTest-glb,current,typed_us,7,681894.6428571428,696229.9,741131.6,613566.3,741131.6
variants,NodePerformanceTest-glb,current,buffer_read_us,7,32839.328571428574,31504.9,41297.0,29781.9,41297.0
variants,NodePerformanceTest-glb,current,image_read_us,7,1902.8428571428572,1616.8,3182.4,1472.1,3182.4
variants,NodePerformanceTest-glb,current,accessors_us,7,179384.35714285716,175521.7,199887.8,165349.7,199887.8
variants,NodePerformanceTest-glb,current,animations_us,7,1.3428571428571427,1.2,2.0,1.1,2.0
variants,NodePerformanceTest-glb,current,buffers_us,7,4.8999999999999995,4.7,6.6,4.1,6.6
variants,NodePerformanceTest-glb,current,buffer_views_us,7,127440.17142857143,125183.8,139867.1,122361.3,139867.1
variants,NodePerformanceTest-glb,current,cameras_us,7,11.014285714285714,10.7,11.8,10.4,11.8
variants,NodePerformanceTest-glb,current,images_us,7,278.65714285714284,276.7,309.8,248.2,309.8
variants,NodePerformanceTest-glb,current,materials_us,7,178580.38571428572,179286.5,196010.9,158924.9,196010.9
variants,NodePerformanceTest-glb,current,meshes_us,7,90197.95714285714,90545.0,101247.9,80022.2,101247.9
variants,NodePerformanceTest-glb,current,nodes_us,7,71557.28571428571,61744.8,120367.1,48052.2,120367.1
variants,NodePerformanceTest-glb,current,samplers_us,7,6.0,5.8,7.3,4.8,7.3
variants,NodePerformanceTest-glb,current,scenes_us,7,1393.1285714285714,1276.2,2085.0,1012.9,2085.0
variants,NodePerformanceTest-glb,current,skins_us,7,1.6142857142857143,1.4,2.7,0.8,2.7
variants,NodePerformanceTest-glb,current,textures_us,7,32969.57142857143,27584.6,52315.0,23324.1,52315.0
variants,NodePerformanceTest-glb,current,typed_other_us,7,27.8,26.7,32.9,24.5,32.9
variants,NodePerformanceTest-glb,current,serializer_dom_us,7,0.0,0.0,0.0,0.0,0.0
variants,NodePerformanceTest-glb,current,serializer_text_us,7,0.0,0.0,0.0,0.0,0.0
variants,NodePerformanceTest-glb,current,resource_write_us,7,0.0,0.0,0.0,0.0,0.0
variants,NodePerformanceTest-glb,ordered-fallback,total_load_us,5,18518648.8,17744911.9,20581064.3,17214990.3,20581064.3
variants,NodePerformanceTest-glb,ordered-fallback,file_open_us,5,4029.04,351.8,10811.8,339.9,10811.8
variants,NodePerformanceTest-glb,ordered-fallback,json_chunk_us,5,15110.08,14770.1,16968.0,14329.7,16968.0
variants,NodePerformanceTest-glb,ordered-fallback,strict_parse_us,5,13818549.82,13042330.3,15853199.1,12799202.2,15853199.1
variants,NodePerformanceTest-glb,ordered-fallback,validation_dom_us,5,0.3,0.3,0.4,0.2,0.4
variants,NodePerformanceTest-glb,ordered-fallback,schema_compile_us,5,5102.62,4294.2,8001.7,3921.1,8001.7
variants,NodePerformanceTest-glb,ordered-fallback,schema_locate_us,5,2460.58,2075.3,3988.600000000001,1826.7999999999993,3988.600000000001
variants,NodePerformanceTest-glb,ordered-fallback,schema_parse_us,5,2281.2200000000003,2019.1000000000001,3322.7000000000007,1774.7,3322.7000000000007
variants,NodePerformanceTest-glb,ordered-fallback,schema_populate_us,5,4831.76,3981.9,7526.7,3730.8,7526.7
variants,NodePerformanceTest-glb,ordered-fallback,validate_us,5,3981435.06,3978310.2,4438457.4,3618246.4,4438457.4
variants,NodePerformanceTest-glb,ordered-fallback,typed_us,5,661665.7,662517.4,700779.7,614990.0,700779.7
variants,NodePerformanceTest-glb,ordered-fallback,buffer_read_us,5,31023.32,30582.9,34845.0,28954.1,34845.0
variants,NodePerformanceTest-glb,ordered-fallback,image_read_us,5,1702.42,1742.4,1851.2,1512.7,1851.2
variants,NodePerformanceTest-glb,ordered-fallback,accessors_us,5,172579.78,172322.4,181443.1,162314.3,181443.1
variants,NodePerformanceTest-glb,ordered-fallback,animations_us,5,1.1400000000000001,1.1,1.2,1.1,1.2
variants,NodePerformanceTest-glb,ordered-fallback,buffers_us,5,5.22,5.1,5.9,4.9,5.9
variants,NodePerformanceTest-glb,ordered-fallback,buffer_views_us,5,133285.54,123096.9,160747.1,118772.8,160747.1
variants,NodePerformanceTest-glb,ordered-fallback,cameras_us,5,10.8,10.9,11.4,9.9,11.4
variants,NodePerformanceTest-glb,ordered-fallback,images_us,5,283.04,280.1,320.2,260.4,320.2
variants,NodePerformanceTest-glb,ordered-fallback,materials_us,5,175751.74,173790.6,181464.3,169332.5,181464.3
variants,NodePerformanceTest-glb,ordered-fallback,meshes_us,5,90843.14,87581.8,105525.5,85547.3,105525.5
variants,NodePerformanceTest-glb,ordered-fallback,nodes_us,5,59055.62,52151.2,89766.2,48528.6,89766.2
variants,NodePerformanceTest-glb,ordered-fallback,samplers_us,5,5.62,5.5,6.9,4.9,6.9
variants,NodePerformanceTest-glb,ordered-fallback,scenes_us,5,1355.06,1076.6,2534.4,998.5,2534.4
variants,NodePerformanceTest-glb,ordered-fallback,skins_us,5,1.04,0.8,2.0,0.7,2.0
variants,NodePerformanceTest-glb,ordered-fallback,textures_us,5,28423.06,27240.9,35563.0,24796.8,35563.0
variants,NodePerformanceTest-glb,ordered-fallback,typed_other_us,5,26.24,25.6,28.7,25.2,28.7
variants,NodePerformanceTest-glb,ordered-fallback,serializer_dom_us,5,0.0,0.0,0.0,0.0,0.0
variants,NodePerformanceTest-glb,ordered-fallback,serializer_text_us,5,0.0,0.0,0.0,0.0,0.0
variants,NodePerformanceTest-glb,ordered-fallback,resource_write_us,5,0.0,0.0,0.0,0.0,0.0
variants,NodePerformanceTest-glb,plain-ordered-fallback,total_load_us,10,5827805.75,5658450.35,7337676.7,5248144.3,7337676.7
variants,NodePerformanceTest-glb,plain-ordered-fallback,file_open_us,10,399.23,382.35,668.0,250.5,668.0
variants,NodePerformanceTest-glb,plain-ordered-fallback,json_chunk_us,10,16904.12,15104.150000000001,29430.9,14367.2,29430.9
variants,NodePerformanceTest-glb,plain-ordered-fallback,strict_parse_us,10,516360.33999999997,481135.35,916204.2,426180.2,916204.2
variants,NodePerformanceTest-glb,plain-ordered-fallback,validation_dom_us,10,0.27,0.25,0.4,0.1,0.4
variants,NodePerformanceTest-glb,plain-ordered-fallback,schema_compile_us,10,5015.150000000001,4573.9,8236.2,3872.9,8236.2
variants,NodePerformanceTest-glb,plain-ordered-fallback,schema_locate_us,10,2329.82,2221.25,3352.9999999999995,1822.4000000000003,3352.9999999999995
variants,NodePerformanceTest-glb,plain-ordered-fallback,schema_parse_us,10,2255.94,2148.6499999999996,3229.100000000001,1775.7000000000005,3229.100000000001
variants,NodePerformanceTest-glb,plain-ordered-fallback,schema_populate_us,10,4797.24,4377.95,7918.5,3677.2,7918.5
variants,NodePerformanceTest-glb,plain-ordered-fallback,validate_us,10,4432243.87,4314165.1,5589446.3,3857404.2,5589446.3
variants,NodePerformanceTest-glb,plain-ordered-fallback,typed_us,10,814471.75,791703.8500000001,1207445.1,655918.6,1207445.1
variants,NodePerformanceTest-glb,plain-ordered-fallback,buffer_read_us,10,40274.1,31862.85,83327.6,29510.8,83327.6
variants,NodePerformanceTest-glb,plain-ordered-fallback,image_read_us,10,2105.98,1565.4499999999998,4361.8,1481.4,4361.8
variants,NodePerformanceTest-glb,plain-ordered-fallback,accessors_us,10,225527.43,213338.75,375286.1,167784.1,375286.1
variants,NodePerformanceTest-glb,plain-ordered-fallback,animations_us,10,1.32,1.25,1.7,1.1,1.7
variants,NodePerformanceTest-glb,plain-ordered-fallback,buffers_us,10,6.36,6.25,9.4,5.1,9.4
variants,NodePerformanceTest-glb,plain-ordered-fallback,buffer_views_us,10,160256.76,158125.9,204871.2,126597.2,204871.2
variants,NodePerformanceTest-glb,plain-ordered-fallback,cameras_us,10,11.73,11.3,15.0,9.7,15.0
variants,NodePerformanceTest-glb,plain-ordered-fallback,images_us,10,419.99,312.35,1256.6,260.7,1256.6
variants,NodePerformanceTest-glb,plain-ordered-fallback,materials_us,10,207116.13,213285.25,250709.7,164002.4,250709.7
variants,NodePerformanceTest-glb,plain-ordered-fallback,meshes_us,10,113227.93000000001,100053.05,214650.6,82174.2,214650.6
variants,NodePerformanceTest-glb,plain-ordered-fallback,nodes_us,10,68112.14,63663.7,112757.0,48468.7,112757.0
variants,NodePerformanceTest-glb,plain-ordered-fallback,samplers_us,10,6.11,5.5,7.7,5.1,7.7
variants,NodePerformanceTest-glb,plain-ordered-fallback,scenes_us,10,1461.02,1131.4,2296.1,1042.9,2296.1
variants,NodePerformanceTest-glb,plain-ordered-fallback,skins_us,10,1.47,1.1,3.0,0.7,3.0
variants,NodePerformanceTest-glb,plain-ordered-fallback,textures_us,10,38251.44,28268.6,78901.6,23871.7,78901.6
variants,NodePerformanceTest-glb,plain-ordered-fallback,typed_other_us,10,33.58,27.85,84.4,25.200000000000003,84.4
variants,NodePerformanceTest-glb,plain-ordered-fallback,serializer_dom_us,10,0.0,0.0,0.0,0.0,0.0
variants,NodePerformanceTest-glb,plain-ordered-fallback,serializer_text_us,10,0.0,0.0,0.0,0.0,0.0
variants,NodePerformanceTest-glb,plain-ordered-fallback,resource_write_us,10,0.0,0.0,0.0,0.0,0.0
variants,NodePerformanceTest-glb,sax-default-fallback,total_load_us,7,4854195.628571428,4845003.4,4900163.8,4831752.1,4900163.8
variants,NodePerformanceTest-glb,sax-default-fallback,file_open_us,7,340.4428571428571,338.4,369.2,320.1,369.2
variants,NodePerformanceTest-glb,sax-default-fallback,json_chunk_us,7,14471.057142857142,14370.9,14924.8,13972.1,14924.8
variants,NodePerformanceTest-glb,sax-default-fallback,strict_parse_us,7,495801.8,493920.6,514203.4,485778.6,514203.4
variants,NodePerformanceTest-glb,sax-default-fallback,validation_dom_us,7,274063.52857142856,272272.6,286198.0,265109.9,286198.0
variants,NodePerformanceTest-glb,sax-default-fallback,schema_compile_us,7,3285.4285714285716,3258.2,3468.3,3139.8,3468.3
variants,NodePerformanceTest-glb,sax-default-fallback,schema_locate_us,7,952.5714285714286,939.6999999999999,1066.4999999999998,866.7999999999998,1066.4999999999998
variants,NodePerformanceTest-glb,sax-default-fallback,schema_parse_us,7,896.8285714285714,881.6,1017.5,796.6,1017.5
variants,NodePerformanceTest-glb,sax-default-fallback,schema_populate_us,7,3195.057142857143,3181.6,3390.1,3012.2,3390.1
variants,NodePerformanceTest-glb,sax-default-fallback,validate_us,7,3429403.657142857,3421602.7,3464121.3,3398763.5,3464121.3
variants,NodePerformanceTest-glb,sax-default-fallback,typed_us,7,605358.0428571429,602370.6,624506.4,594339.0,624506.4
variants,NodePerformanceTest-glb,sax-default-fallback,buffer_read_us,7,29862.82857142857,29624.0,31122.8,29253.8,31122.8
variants,NodePerformanceTest-glb,sax-default-fallback,image_read_us,7,1579.1285714285714,1528.7,1814.5,1476.4,1814.5
variants,NodePerformanceTest-glb,sax-default-fallback,accessors_us,7,164351.94285714286,164075.2,167892.4,160804.4,167892.4
variants,NodePerformanceTest-glb,sax-default-fallback,animations_us,7,1.3571428571428572,1.4,1.7,1.1,1.7
variants,NodePerformanceTest-glb,sax-default-fallback,buffers_us,7,7.6,6.0,18.6,4.8,18.6
variants,NodePerformanceTest-glb,sax-default-fallback,buffer_views_us,7,122520.17142857143,119892.5,137942.4,113967.2,137942.4
variants,NodePerformanceTest-glb,sax-default-fallback,cameras_us,7,11.442857142857143,10.8,15.7,10.2,15.7
variants,NodePerformanceTest-glb,sax-default-fallback,images_us,7,316.74285714285713,288.2,481.1,270.6,481.1
variants,NodePerformanceTest-glb,sax-default-fallback,materials_us,7,161303.14285714287,160921.7,169186.8,156395.7,169186.8
variants,NodePerformanceTest-glb,sax-default-fallback,meshes_us,7,83620.52857142857,83310.4,86130.5,82070.6,86130.5
variants,NodePerformanceTest-glb,sax-default-fallback,nodes_us,7,48056.15714285714,48107.6,49053.8,46396.6,49053.8
variants,NodePerformanceTest-glb,sax-default-fallback,samplers_us,7,5.142857142857142,4.8,6.1,4.5,6.1
variants,NodePerformanceTest-glb,sax-default-fallback,scenes_us,7,1046.5,1041.1,1092.1,1001.6,1092.1
variants,NodePerformanceTest-glb,sax-default-fallback,skins_us,7,0.8142857142857143,0.8,1.0,0.7,1.0
variants,NodePerformanceTest-glb,sax-default-fallback,textures_us,7,24058.257142857143,23680.5,26604.1,22849.1,26604.1
variants,NodePerformanceTest-glb,sax-default-fallback,typed_other_us,7,25.37142857142857,25.2,26.799999999999997,23.9,26.799999999999997
variants,NodePerformanceTest-glb,sax-default-fallback,serializer_dom_us,7,0.0,0.0,0.0,0.0,0.0
variants,NodePerformanceTest-glb,sax-default-fallback,serializer_text_us,7,0.0,0.0,0.0,0.0,0.0
variants,NodePerformanceTest-glb,sax-default-fallback,resource_write_us,7,0.0,0.0,0.0,0.0,0.0
variants,NodePerformanceTest-glb,sax-default-scalar-unique-fallback,total_load_us,10,2238428.7,2236187.7,2260927.4,2217089.7,2260927.4
variants,NodePerformanceTest-glb,sax-default-scalar-unique-fallback,file_open_us,10,357.94,346.7,461.2,307.4,461.2
variants,NodePerformanceTest-glb,sax-default-scalar-unique-fallback,json_chunk_us,10,14761.58,14490.349999999999,16946.3,14176.3,16946.3
variants,NodePerformanceTest-glb,sax-default-scalar-unique-fallback,strict_parse_us,10,492292.82,490456.25,510640.2,484089.8,510640.2
variants,NodePerformanceTest-glb,sax-default-scalar-unique-fallback,validation_dom_us,10,271514.47000000003,268076.95,304180.4,262052.5,304180.4
variants,NodePerformanceTest-glb,sax-default-scalar-unique-fallback,schema_compile_us,10,3202.44,3196.1,3404.7,3046.7,3404.7
variants,NodePerformanceTest-glb,sax-default-scalar-unique-fallback,schema_locate_us,10,956.89,940.3,1105.8,850.5000000000001,1105.8
variants,NodePerformanceTest-glb,sax-default-scalar-unique-fallback,schema_parse_us,10,905.52,887.0,1058.6000000000001,796.8999999999997,1058.6000000000001
variants,NodePerformanceTest-glb,sax-default-scalar-unique-fallback,schema_populate_us,10,3107.63,3096.8,3324.9,2966.2,3324.9
variants,NodePerformanceTest-glb,sax-default-scalar-unique-fallback,validate_us,10,827859.44,825725.3,839469.8,816975.2,839469.8
variants,NodePerformanceTest-glb,sax-default-scalar-unique-fallback,typed_us,10,597171.3,595684.6000000001,622421.6,583799.3,622421.6
variants,NodePerformanceTest-glb,sax-default-scalar-unique-fallback,buffer_read_us,10,29703.91,29362.45,32265.0,28937.6,32265.0
variants,NodePerformanceTest-glb,sax-default-scalar-unique-fallback,image_read_us,10,1530.71,1524.25,1597.7,1484.7,1597.7
variants,NodePerformanceTest-glb,sax-default-scalar-unique-fallback,accessors_us,10,165974.63,164196.45,187310.9,161189.3,187310.9
variants,NodePerformanceTest-glb,sax-default-scalar-unique-fallback,animations_us,10,1.39,1.45,1.7,1.1,1.7
variants,NodePerformanceTest-glb,sax-default-scalar-unique-fallback,buffers_us,10,6.05,6.0,7.2,5.1,7.2
variants,NodePerformanceTest-glb,sax-default-scalar-unique-fallback,buffer_views_us,10,116682.39,115035.7,126448.3,113687.3,126448.3
variants,NodePerformanceTest-glb,sax-default-scalar-unique-fallback,cameras_us,10,11.95,10.6,23.6,9.7,23.6
variants,NodePerformanceTest-glb,sax-default-scalar-unique-fallback,images_us,10,287.87,279.2,402.8,237.0,402.8
variants,NodePerformanceTest-glb,sax-default-scalar-unique-fallback,materials_us,10,156615.72,155639.40000000002,162955.9,152142.1,162955.9
variants,NodePerformanceTest-glb,sax-default-scalar-unique-fallback,meshes_us,10,84120.64,82987.25,93808.7,78208.9,93808.7
variants,NodePerformanceTest-glb,sax-default-scalar-unique-fallback,nodes_us,10,48750.33,48173.95,52544.2,46228.3,52544.2
variants,NodePerformanceTest-glb,sax-default-scalar-unique-fallback,samplers_us,10,5.82,5.8,6.9,5.1,6.9
variants,NodePerformanceTest-glb,sax-default-scalar-unique-fallback,scenes_us,10,1050.84,1053.25,1134.7,982.3,1134.7
variants,NodePerformanceTest-glb,sax-default-scalar-unique-fallback,skins_us,10,0.78,0.75,1.0,0.7,1.0
variants,NodePerformanceTest-glb,sax-default-scalar-unique-fallback,textures_us,10,23602.65,23747.35,24610.4,22366.2,24610.4
variants,NodePerformanceTest-glb,sax-default-scalar-unique-fallback,typed_other_us,10,24.919999999999998,23.65,34.9,22.0,34.9
variants,NodePerformanceTest-glb,sax-default-scalar-unique-fallback,serializer_dom_us,10,0.0,0.0,0.0,0.0,0.0
variants,NodePerformanceTest-glb,sax-default-scalar-unique-fallback,serializer_text_us,10,0.0,0.0,0.0,0.0,0.0
variants,NodePerformanceTest-glb,sax-default-scalar-unique-fallback,resource_write_us,10,0.0,0.0,0.0,0.0,0.0
variants,NodePerformanceTest-glb,sax-disable-root,total_load_us,10,1143152.23,1139117.45,1168799.4,1127315.0,1168799.4
variants,NodePerformanceTest-glb,sax-disable-root,file_open_us,10,355.05,348.15,415.7,317.6,415.7
variants,NodePerformanceTest-glb,sax-disable-root,json_chunk_us,10,14500.65,14441.7,14913.9,14231.0,14913.9
variants,NodePerformanceTest-glb,sax-disable-root,strict_parse_us,10,496171.05,496196.15,508790.8,485299.8,508790.8
variants,NodePerformanceTest-glb,sax-disable-root,validation_dom_us,10,0.38,0.35,0.7,0.3,0.7
variants,NodePerformanceTest-glb,sax-disable-root,schema_compile_us,10,24.73,23.0,39.9,21.5,39.9
variants,NodePerformanceTest-glb,sax-disable-root,schema_locate_us,10,8.44,6.9,22.7,6.4,22.7
variants,NodePerformanceTest-glb,sax-disable-root,schema_parse_us,10,7.94,6.3,22.3,5.9,22.3
variants,NodePerformanceTest-glb,sax-disable-root,schema_populate_us,10,10.09,10.05,10.7,9.4,10.7
variants,NodePerformanceTest-glb,sax-disable-root,validate_us,10,1.45,1.4,1.8,1.3,1.8
variants,NodePerformanceTest-glb,sax-disable-root,typed_us,10,601002.15,596835.05,632008.4,580785.3,632008.4
variants,NodePerformanceTest-glb,sax-disable-root,buffer_read_us,10,29552.489999999998,29407.95,31022.1,28937.9,31022.1
variants,NodePerformanceTest-glb,sax-disable-root,image_read_us,10,1523.98,1507.85,1623.9,1452.9,1623.9
variants,NodePerformanceTest-glb,sax-disable-root,accessors_us,10,163096.72,162432.4,175349.3,158693.1,175349.3
variants,NodePerformanceTest-glb,sax-disable-root,animations_us,10,1.35,1.35,1.6,1.2,1.6
variants,NodePerformanceTest-glb,sax-disable-root,buffers_us,10,5.890000000000001,5.550000000000001,8.8,4.7,8.8
variants,NodePerformanceTest-glb,sax-disable-root,buffer_views_us,10,119873.64,119360.05,131715.1,113711.5,131715.1
variants,NodePerformanceTest-glb,sax-disable-root,cameras_us,10,11.28,10.9,15.7,10.0,15.7
variants,NodePerformanceTest-glb,sax-disable-root,images_us,10,288.32,267.85,437.0,250.7,437.0
variants,NodePerformanceTest-glb,sax-disable-root,materials_us,10,159712.4,158063.6,171165.0,155611.4,171165.0
variants,NodePerformanceTest-glb,sax-disable-root,meshes_us,10,82608.09,81223.29999999999,92853.2,77673.2,92853.2
variants,NodePerformanceTest-glb,sax-disable-root,nodes_us,10,50258.04,48762.55,62868.7,46491.4,62868.7
variants,NodePerformanceTest-glb,sax-disable-root,samplers_us,10,4.63,4.55,5.2,4.4,5.2
variants,NodePerformanceTest-glb,sax-disable-root,scenes_us,10,1071.58,1053.2,1177.7,1022.6,1177.7
variants,NodePerformanceTest-glb,sax-disable-root,skins_us,10,0.99,0.9,1.5,0.7,1.5
variants,NodePerformanceTest-glb,sax-disable-root,textures_us,10,24002.56,23321.6,29245.3,22267.4,29245.3
variants,NodePerformanceTest-glb,sax-disable-root,typed_other_us,10,26.1,24.9,38.4,23.0,38.4
variants,NodePerformanceTest-glb,sax-disable-root,serializer_dom_us,10,0.0,0.0,0.0,0.0,0.0
variants,NodePerformanceTest-glb,sax-disable-root,serializer_text_us,10,0.0,0.0,0.0,0.0,0.0
variants,NodePerformanceTest-glb,sax-disable-root,resource_write_us,10,0.0,0.0,0.0,0.0,0.0
variants,NodePerformanceTest-glb,sax-indexed-fallback,total_load_us,7,5083833.357142857,4966347.8,5703808.0,4810907.0,5703808.0
variants,NodePerformanceTest-glb,sax-indexed-fallback,file_open_us,7,363.4714285714286,351.6,396.8,337.4,396.8
variants,NodePerformanceTest-glb,sax-indexed-fallback,json_chunk_us,7,14770.285714285714,14603.8,16477.6,14131.0,16477.6
variants,NodePerformanceTest-glb,sax-indexed-fallback,strict_parse_us,7,502393.4142857143,503980.7,516053.8,489753.4,516053.8
variants,NodePerformanceTest-glb,sax-indexed-fallback,validation_dom_us,7,0.2142857142857143,0.2,0.3,0.2,0.3
variants,NodePerformanceTest-glb,sax-indexed-fallback,schema_compile_us,7,4934.5,4710.7,6178.2,4632.5,6178.2
variants,NodePerformanceTest-glb,sax-indexed-fallback,schema_locate_us,7,1948.4714285714285,1870.6000000000004,2427.6,1831.5,2427.6
variants,NodePerformanceTest-glb,sax-indexed-fallback,schema_parse_us,7,1891.142857142857,1817.3999999999999,2339.3,1783.5,2339.3
variants,NodePerformanceTest-glb,sax-indexed-fallback,schema_populate_us,7,4740.599999999999,4508.3,5990.2,4453.9,5990.2
variants,NodePerformanceTest-glb,sax-indexed-fallback,validate_us,7,3873319.1,3752345.3,4314183.7,3656881.5,4314183.7
variants,NodePerformanceTest-glb,sax-indexed-fallback,typed_us,7,656547.2,627846.0,826701.6,602947.1,826701.6
variants,NodePerformanceTest-glb,sax-indexed-fallback,buffer_read_us,7,29938.914285714287,29456.7,32539.7,28899.0,32539.7
variants,NodePerformanceTest-glb,sax-indexed-fallback,image_read_us,7,1540.6285714285714,1554.5,1606.1,1443.0,1606.1
variants,NodePerformanceTest-glb,sax-indexed-fallback,accessors_us,7,182074.94285714286,165882.3,233604.2,162417.1,233604.2
variants,NodePerformanceTest-glb,sax-indexed-fallback,animations_us,7,1.1857142857142857,1.1,1.6,1.0,1.6
variants,NodePerformanceTest-glb,sax-indexed-fallback,buffers_us,7,4.457142857142857,4.4,4.8,4.0,4.8
variants,NodePerformanceTest-glb,sax-indexed-fallback,buffer_views_us,7,124541.58571428571,122937.2,141738.2,115702.4,141738.2
variants,NodePerformanceTest-glb,sax-indexed-fallback,cameras_us,7,10.914285714285715,10.8,11.7,10.0,11.7
variants,NodePerformanceTest-glb,sax-indexed-fallback,images_us,7,281.04285714285714,285.5,301.5,251.7,301.5
variants,NodePerformanceTest-glb,sax-indexed-fallback,materials_us,7,178780.87142857144,162499.6,254552.4,155088.5,254552.4
variants,NodePerformanceTest-glb,sax-indexed-fallback,meshes_us,7,92510.9857142857,84328.6,133205.4,81285.1,133205.4
variants,NodePerformanceTest-glb,sax-indexed-fallback,nodes_us,7,50571.97142857143,49751.4,54646.2,47578.6,54646.2
variants,NodePerformanceTest-glb,sax-indexed-fallback,samplers_us,7,5.128571428571429,4.9,7.3,4.2,7.3
variants,NodePerformanceTest-glb,sax-indexed-fallback,scenes_us,7,1100.5428571428572,1086.9,1222.4,1044.6,1222.4
variants,NodePerformanceTest-glb,sax-indexed-fallback,skins_us,7,1.042857142857143,1.0,1.3,0.9,1.3
variants,NodePerformanceTest-glb,sax-indexed-fallback,textures_us,7,26604.814285714285,24441.6,38333.9,23476.9,38333.9
variants,NodePerformanceTest-glb,sax-indexed-fallback,typed_other_us,7,25.32857142857143,24.2,31.799999999999997,22.9,31.799999999999997
variants,NodePerformanceTest-glb,sax-indexed-fallback,serializer_dom_us,7,0.0,0.0,0.0,0.0,0.0
variants,NodePerformanceTest-glb,sax-indexed-fallback,serializer_text_us,7,0.0,0.0,0.0,0.0,0.0
variants,NodePerformanceTest-glb,sax-indexed-fallback,resource_write_us,7,0.0,0.0,0.0,0.0,0.0
variants,NodePerformanceTest-glb,sax-indexed-scalar-unique-fallback,total_load_us,10,2466577.43,2469137.3,2734708.9,2259179.0,2734708.9
variants,NodePerformanceTest-glb,sax-indexed-scalar-unique-fallback,file_open_us,10,336.90999999999997,345.45,386.9,245.3,386.9
variants,NodePerformanceTest-glb,sax-indexed-scalar-unique-fallback,json_chunk_us,10,15125.82,14649.5,18163.0,14387.2,18163.0
variants,NodePerformanceTest-glb,sax-indexed-scalar-unique-fallback,strict_parse_us,10,557460.4,552130.4,621048.2,499246.8,621048.2
variants,NodePerformanceTest-glb,sax-indexed-scalar-unique-fallback,validation_dom_us,10,0.29,0.3,0.4,0.2,0.4
variants,NodePerformanceTest-glb,sax-indexed-scalar-unique-fallback,schema_compile_us,10,5096.36,4766.75,7018.0,4532.9,7018.0
variants,NodePerformanceTest-glb,sax-indexed-scalar-unique-fallback,schema_locate_us,10,2035.67,1861.9500000000003,2898.7999999999997,1814.0999999999992,2898.7999999999997
variants,NodePerformanceTest-glb,sax-indexed-scalar-unique-fallback,schema_parse_us,10,1969.92,1816.8000000000002,2798.9000000000005,1758.2000000000003,2798.9000000000005
variants,NodePerformanceTest-glb,sax-indexed-scalar-unique-fallback,schema_populate_us,10,4878.24,4565.7,6685.9,4330.3,6685.9
variants,NodePerformanceTest-glb,sax-indexed-scalar-unique-fallback,validate_us,10,1197621.6400000001,1174822.9,1377298.1,1094953.1,1377298.1
variants,NodePerformanceTest-glb,sax-indexed-scalar-unique-fallback,typed_us,10,657120.22,650920.1,740957.4,588025.7,740957.4
variants,NodePerformanceTest-glb,sax-indexed-scalar-unique-fallback,buffer_read_us,10,32226.48,30671.6,39088.3,29508.2,39088.3
variants,NodePerformanceTest-glb,sax-indexed-scalar-unique-fallback,image_read_us,10,1559.92,1529.6,1936.7,1458.4,1936.7
variants,NodePerformanceTest-glb,sax-indexed-scalar-unique-fallback,accessors_us,10,184186.83000000002,173793.90000000002,249713.3,159400.0,249713.3
variants,NodePerformanceTest-glb,sax-indexed-scalar-unique-fallback,animations_us,10,1.21,1.2,1.5,1.1,1.5
variants,NodePerformanceTest-glb,sax-indexed-scalar-unique-fallback,buffers_us,10,5.03,4.85,6.3,4.2,6.3
variants,NodePerformanceTest-glb,sax-indexed-scalar-unique-fallback,buffer_views_us,10,128193.08,127510.75,147205.2,116080.2,147205.2
variants,NodePerformanceTest-glb,sax-indexed-scalar-unique-fallback,cameras_us,10,10.95,11.0,11.7,10.2,11.7
variants,NodePerformanceTest-glb,sax-indexed-scalar-unique-fallback,images_us,10,293.01,286.75,333.6,271.2,333.6
variants,NodePerformanceTest-glb,sax-indexed-scalar-unique-fallback,materials_us,10,175052.3,169619.09999999998,243352.6,155329.6,243352.6
variants,NodePerformanceTest-glb,sax-indexed-scalar-unique-fallback,meshes_us,10,88102.66,84019.75,112689.4,78025.0,112689.4
variants,NodePerformanceTest-glb,sax-indexed-scalar-unique-fallback,nodes_us,10,55193.07,51821.100000000006,75268.0,47278.3,75268.0
variants,NodePerformanceTest-glb,sax-indexed-scalar-unique-fallback,samplers_us,10,5.41,5.2,6.9,4.7,6.9
variants,NodePerformanceTest-glb,sax-indexed-scalar-unique-fallback,scenes_us,10,1083.67,1067.85,1219.6,994.6,1219.6
variants,NodePerformanceTest-glb,sax-indexed-scalar-unique-fallback,skins_us,10,0.99,0.8500000000000001,2.0,0.6,2.0
variants,NodePerformanceTest-glb,sax-indexed-scalar-unique-fallback,textures_us,10,24932.190000000002,25065.4,27855.9,22980.9,27855.9
variants,NodePerformanceTest-glb,sax-indexed-scalar-unique-fallback,typed_other_us,10,25.21,24.4,29.200000000000003,22.200000000000003,29.200000000000003
variants,NodePerformanceTest-glb,sax-indexed-scalar-unique-fallback,serializer_dom_us,10,0.0,0.0,0.0,0.0,0.0
variants,NodePerformanceTest-glb,sax-indexed-scalar-unique-fallback,serializer_text_us,10,0.0,0.0,0.0,0.0,0.0
variants,NodePerformanceTest-glb,sax-indexed-scalar-unique-fallback,resource_write_us,10,0.0,0.0,0.0,0.0,0.0
variants,NodePerformanceTest-glb,sax-ordered-fallback,total_load_us,10,4645722.21,4636106.1,4708869.6,4615322.6,4708869.6
variants,NodePerformanceTest-glb,sax-ordered-fallback,file_open_us,10,349.13,344.9,455.3,292.7,455.3
variants,NodePerformanceTest-glb,sax-ordered-fallback,json_chunk_us,10,14602.18,14223.5,16423.5,13976.5,16423.5
variants,NodePerformanceTest-glb,sax-ordered-fallback,strict_parse_us,10,504053.79,500039.30000000005,544711.7,482180.9,544711.7
variants,NodePerformanceTest-glb,sax-ordered-fallback,validation_dom_us,10,0.33,0.3,0.4,0.3,0.4
variants,NodePerformanceTest-glb,sax-ordered-fallback,schema_compile_us,10,3836.8199999999997,3847.35,3978.3,3691.7,3978.3
variants,NodePerformanceTest-glb,sax-ordered-fallback,schema_locate_us,10,1805.51,1791.8500000000001,1943.8999999999999,1714.2,1943.8999999999999
variants,NodePerformanceTest-glb,sax-ordered-fallback,schema_parse_us,10,1753.5,1740.5500000000002,1861.3999999999999,1668.4000000000003,1861.3999999999999
variants,NodePerformanceTest-glb,sax-ordered-fallback,schema_populate_us,10,3642.37,3651.9,3790.2,3492.9,3790.2
variants,NodePerformanceTest-glb,sax-ordered-fallback,validate_us,10,3474440.51,3477599.05,3511985.9,3441790.3,3511985.9
variants,NodePerformanceTest-glb,sax-ordered-fallback,typed_us,10,617751.34,617508.3999999999,641909.7,594911.0,641909.7
variants,NodePerformanceTest-glb,sax-ordered-fallback,buffer_read_us,10,29127.45,28843.6,31358.0,28640.9,31358.0
variants,NodePerformanceTest-glb,sax-ordered-fallback,image_read_us,10,1490.26,1481.8,1608.2,1418.8,1608.2
variants,NodePerformanceTest-glb,sax-ordered-fallback,accessors_us,10,167644.95,166201.25,181806.1,158162.9,181806.1
variants,NodePerformanceTest-glb,sax-ordered-fallback,animations_us,10,1.15,1.1,1.4,0.9,1.4
variants,NodePerformanceTest-glb,sax-ordered-fallback,buffers_us,10,4.8,4.8,6.4,4.0,6.4
variants,NodePerformanceTest-glb,sax-ordered-fallback,buffer_views_us,10,121537.05,120129.7,129251.3,113514.4,129251.3
variants,NodePerformanceTest-glb,sax-ordered-fallback,cameras_us,10,11.55,11.25,15.8,10.1,15.8
variants,NodePerformanceTest-glb,sax-ordered-fallback,images_us,10,305.29,290.45000000000005,454.1,257.1,454.1
variants,NodePerformanceTest-glb,sax-ordered-fallback,materials_us,10,167331.23,164592.7,189793.1,155175.5,189793.1
variants,NodePerformanceTest-glb,sax-ordered-fallback,meshes_us,10,85001.25,84962.3,94570.7,77610.4,94570.7
variants,NodePerformanceTest-glb,sax-ordered-fallback,nodes_us,10,50071.62,48799.35,58911.7,47099.3,58911.7
variants,NodePerformanceTest-glb,sax-ordered-fallback,samplers_us,10,4.8,4.699999999999999,5.3,4.4,5.3
variants,NodePerformanceTest-glb,sax-ordered-fallback,scenes_us,10,1055.0,1047.55,1152.6,1004.5,1152.6
variants,NodePerformanceTest-glb,sax-ordered-fallback,skins_us,10,0.91,0.8,1.2,0.8,1.2
variants,NodePerformanceTest-glb,sax-ordered-fallback,textures_us,10,24718.43,24230.3,28381.4,22788.3,28381.4
variants,NodePerformanceTest-glb,sax-ordered-fallback,typed_other_us,10,25.78,25.450000000000003,30.4,22.9,30.4
variants,NodePerformanceTest-glb,sax-ordered-fallback,serializer_dom_us,10,0.0,0.0,0.0,0.0,0.0
variants,NodePerformanceTest-glb,sax-ordered-fallback,serializer_text_us,10,0.0,0.0,0.0,0.0,0.0
variants,NodePerformanceTest-glb,sax-ordered-fallback,resource_write_us,10,0.0,0.0,0.0,0.0,0.0
variants,NodePerformanceTest-glb,sax-scalar-unique-fallback,total_load_us,15,2066646.2933333332,2018804.3,2304819.1,1929706.9,2304819.1
variants,NodePerformanceTest-glb,sax-scalar-unique-fallback,file_open_us,15,362.17333333333335,367.0,492.5,298.6,492.5
variants,NodePerformanceTest-glb,sax-scalar-unique-fallback,json_chunk_us,15,14977.833333333334,14756.6,18511.4,14079.4,18511.4
variants,NodePerformanceTest-glb,sax-scalar-unique-fallback,strict_parse_us,15,521531.86,501156.0,675269.1,480708.7,675269.1
variants,NodePerformanceTest-glb,sax-scalar-unique-fallback,validation_dom_us,15,0.31333333333333335,0.3,0.4,0.3,0.4
variants,NodePerformanceTest-glb,sax-scalar-unique-fallback,schema_compile_us,15,4005.2666666666664,3936.9,4555.3,3749.1,4555.3
variants,NodePerformanceTest-glb,sax-scalar-unique-fallback,schema_locate_us,15,1887.52,1835.3999999999999,2236.0,1728.3999999999999,2236.0
variants,NodePerformanceTest-glb,sax-scalar-unique-fallback,schema_parse_us,15,1833.3266666666666,1789.5,2170.0,1686.8,2170.0
variants,NodePerformanceTest-glb,sax-scalar-unique-fallback,schema_populate_us,15,3813.06,3746.9,4363.5,3561.1,4363.5
variants,NodePerformanceTest-glb,sax-scalar-unique-fallback,validate_us,15,840818.74,839166.8,996424.6,773587.8,996424.6
variants,NodePerformanceTest-glb,sax-scalar-unique-fallback,typed_us,15,652083.0466666666,632507.5,808566.0,591687.1,808566.0
variants,NodePerformanceTest-glb,sax-scalar-unique-fallback,buffer_read_us,15,31203.399999999998,29720.7,36500.6,28483.1,36500.6
variants,NodePerformanceTest-glb,sax-scalar-unique-fallback,image_read_us,15,1630.5866666666666,1471.4,3223.0,1408.3,3223.0
variants,NodePerformanceTest-glb,sax-scalar-unique-fallback,accessors_us,15,176427.43333333332,166144.2,252104.3,155487.6,252104.3
variants,NodePerformanceTest-glb,sax-scalar-unique-fallback,animations_us,15,1.32,1.3,1.8,1.1,1.8
variants,NodePerformanceTest-glb,sax-scalar-unique-fallback,buffers_us,15,4.466666666666667,4.3,6.0,3.9,6.0
variants,NodePerformanceTest-glb,sax-scalar-unique-fallback,buffer_views_us,15,126934.16,123155.2,163763.9,112844.1,163763.9
variants,NodePerformanceTest-glb,sax-scalar-unique-fallback,cameras_us,15,13.06,10.7,26.3,10.3,26.3
variants,NodePerformanceTest-glb,sax-scalar-unique-fallback,images_us,15,343.5133333333333,288.2,929.4,238.7,929.4
variants,NodePerformanceTest-glb,sax-scalar-unique-fallback,materials_us,15,171863.14,162644.2,221950.4,156358.4,221950.4
variants,NodePerformanceTest-glb,sax-scalar-unique-fallback,meshes_us,15,89518.07333333333,86506.6,108075.9,78918.3,108075.9
variants,NodePerformanceTest-glb,sax-scalar-unique-fallback,nodes_us,15,58293.44,52623.1,90917.6,47814.6,90917.6
variants,NodePerformanceTest-glb,sax-scalar-unique-fallback,samplers_us,15,5.1066666666666665,4.8,7.3,4.6,7.3
variants,NodePerformanceTest-glb,sax-scalar-unique-fallback,scenes_us,15,1152.0266666666666,1060.4,2324.0,1027.1,2324.0
variants,NodePerformanceTest-glb,sax-scalar-unique-fallback,skins_us,15,1.1333333333333333,1.0,2.4,0.7,2.4
variants,NodePerformanceTest-glb,sax-scalar-unique-fallback,textures_us,15,27462.64,25877.0,43674.3,22482.2,43674.3
variants,NodePerformanceTest-glb,sax-scalar-unique-fallback,typed_other_us,15,29.346666666666668,25.9,52.0,24.3,52.0
variants,NodePerformanceTest-glb,sax-scalar-unique-fallback,serializer_dom_us,15,0.0,0.0,0.0,0.0,0.0
variants,NodePerformanceTest-glb,sax-scalar-unique-fallback,serializer_text_us,15,0.0,0.0,0.0,0.0,0.0
variants,NodePerformanceTest-glb,sax-scalar-unique-fallback,resource_write_us,15,0.0,0.0,0.0,0.0,0.0
