"implementation","source_commit","case_id","asset","format","operation","sample","order_seed","elapsed_us","input_bytes","output_directory","semantic_status"
"clean-strongest-spike","15e30d85b320669527d49071be17847335a2f661","ABeautifulGame-glb","ABeautifulGame","glb","export","1","39201","265787.5","42977928","E:\Base3D\glTF-SDK-T39-profile\Built\Int\t39-results\final\public-clean-spike\sample-1\ABeautifulGame-glb-export","ok"
"clean-strongest-spike","15e30d85b320669527d49071be17847335a2f661","NodePerformanceTest-glb","NodePerformanceTest","glb","export","1","39201","925080.09999999998","37986536","E:\Base3D\glTF-SDK-T39-profile\Built\Int\t39-results\final\public-clean-spike\sample-1\NodePerformanceTest-glb-export","ok"
"clean-strongest-spike","15e30d85b320669527d49071be17847335a2f661","Avocado-glb","Avocado","glb","export","1","39201","47673.400000000001","8110040","E:\Base3D\glTF-SDK-T39-profile\Built\Int\t39-results\final\public-clean-spike\sample-1\Avocado-glb-export","ok"
"clean-strongest-spike","15e30d85b320669527d49071be17847335a2f661","ABeautifulGame-glb","ABeautifulGame","glb","load","1","39201","80443.399999999994","42977928","","ok"
"clean-strongest-spike","15e30d85b320669527d49071be17847335a2f661","NodePerformanceTest-glb","NodePerformanceTest","glb","load","1","39201","1965722.6000000001","37986536","","ok"
"clean-strongest-spike","15e30d85b320669527d49071be17847335a2f661","Avocado-glb","Avocado","glb","load","1","39201","23273.599999999999","8110040","","ok"
"clean-strongest-spike","15e30d85b320669527d49071be17847335a2f661","ABeautifulGame-draco-glb","ABeautifulGame","glb","load","1","39201","35931","12105252","","ok"
"clean-strongest-spike","15e30d85b320669527d49071be17847335a2f661","SpecularTest-glb","SpecularTest","glb","export","1","39201","2811.0999999999999","223376","E:\Base3D\glTF-SDK-T39-profile\Built\Int\t39-results\final\public-clean-spike\sample-1\SpecularTest-glb-export","ok"
"clean-strongest-spike","15e30d85b320669527d49071be17847335a2f661","Avocado-glb","Avocado","glb","roundtrip","1","39201","70330.800000000003","8110040","E:\Base3D\glTF-SDK-T39-profile\Built\Int\t39-results\final\public-clean-spike\sample-1\Avocado-glb-roundtrip","ok"
"clean-strongest-spike","15e30d85b320669527d49071be17847335a2f661","ABeautifulGame-draco-glb","ABeautifulGame","glb","export","1","39201","85699.600000000006","12105252","E:\Base3D\glTF-SDK-T39-profile\Built\Int\t39-results\final\public-clean-spike\sample-1\ABeautifulGame-draco-glb-export","ok"
"clean-strongest-spike","15e30d85b320669527d49071be17847335a2f661","SpecularTest-glb","SpecularTest","glb","roundtrip","1","39201","10260.200000000001","223376","E:\Base3D\glTF-SDK-T39-profile\Built\Int\t39-results\final\public-clean-spike\sample-1\SpecularTest-glb-roundtrip","ok"
"clean-strongest-spike","15e30d85b320669527d49071be17847335a2f661","NodePerformanceTest-glb","NodePerformanceTest","glb","roundtrip","1","39201","2774323","37986536","E:\Base3D\glTF-SDK-T39-profile\Built\Int\t39-results\final\public-clean-spike\sample-1\NodePerformanceTest-glb-roundtrip","ok"
"clean-strongest-spike","15e30d85b320669527d49071be17847335a2f661","ABeautifulGame-draco-glb","ABeautifulGame","glb","roundtrip","1","39201","108755.89999999999","12105252","E:\Base3D\glTF-SDK-T39-profile\Built\Int\t39-results\final\public-clean-spike\sample-1\ABeautifulGame-draco-glb-roundtrip","ok"
"clean-strongest-spike","15e30d85b320669527d49071be17847335a2f661","SpecularTest-glb","SpecularTest","glb","load","1","39201","7252.3999999999996","223376","","ok"
"clean-strongest-spike","15e30d85b320669527d49071be17847335a2f661","ABeautifulGame-glb","ABeautifulGame","glb","roundtrip","1","39201","343545.29999999999","42977928","E:\Base3D\glTF-SDK-T39-profile\Built\Int\t39-results\final\public-clean-spike\sample-1\ABeautifulGame-glb-roundtrip","ok"
"clean-strongest-spike","15e30d85b320669527d49071be17847335a2f661","ABeautifulGame-draco-glb","ABeautifulGame","glb","roundtrip","10","39210","107548.2","12105252","E:\Base3D\glTF-SDK-T39-profile\Built\Int\t39-results\final\public-clean-spike\sample-10\ABeautifulGame-draco-glb-roundtrip","ok"
"clean-strongest-spike","15e30d85b320669527d49071be17847335a2f661","ABeautifulGame-glb","ABeautifulGame","glb","roundtrip","10","39210","382045.40000000002","42977928","E:\Base3D\glTF-SDK-T39-profile\Built\Int\t39-results\final\public-clean-spike\sample-10\ABeautifulGame-glb-roundtrip","ok"
"clean-strongest-spike","15e30d85b320669527d49071be17847335a2f661","ABeautifulGame-draco-glb","ABeautifulGame","glb","export","10","39210","71485.5","12105252","E:\Base3D\glTF-SDK-T39-profile\Built\Int\t39-results\final\public-clean-spike\sample-10\ABeautifulGame-draco-glb-export","ok"
"clean-strongest-spike","15e30d85b320669527d49071be17847335a2f661","ABeautifulGame-glb","ABeautifulGame","glb","export","10","39210","254564.70000000001","42977928","E:\Base3D\glTF-SDK-T39-profile\Built\Int\t39-results\final\public-clean-spike\sample-10\ABeautifulGame-glb-export","ok"
"clean-strongest-spike","15e30d85b320669527d49071be17847335a2f661","SpecularTest-glb","SpecularTest","glb","export","10","39210","2837.4000000000001","223376","E:\Base3D\glTF-SDK-T39-profile\Built\Int\t39-results\final\public-clean-spike\sample-10\SpecularTest-glb-export","ok"
"clean-strongest-spike","15e30d85b320669527d49071be17847335a2f661","Avocado-glb","Avocado","glb","roundtrip","10","39210","68242.800000000003","8110040","E:\Base3D\glTF-SDK-T39-profile\Built\Int\t39-results\final\public-clean-spike\sample-10\Avocado-glb-roundtrip","ok"
"clean-strongest-spike","15e30d85b320669527d49071be17847335a2f661","Avocado-glb","Avocado","glb","load","10","39210","23594.599999999999","8110040","","ok"
"clean-strongest-spike","15e30d85b320669527d49071be17847335a2f661","NodePerformanceTest-glb","NodePerformanceTest","glb","roundtrip","10","39210","2951914.6000000001","37986536","E:\Base3D\glTF-SDK-T39-profile\Built\Int\t39-results\final\public-clean-spike\sample-10\NodePerformanceTest-glb-roundtrip","ok"
"clean-strongest-spike","15e30d85b320669527d49071be17847335a2f661","SpecularTest-glb","SpecularTest","glb","load","10","39210","7771.8999999999996","223376","","ok"
"clean-strongest-spike","15e30d85b320669527d49071be17847335a2f661","NodePerformanceTest-glb","NodePerformanceTest","glb","export","10","39210","908017.19999999995","37986536","E:\Base3D\glTF-SDK-T39-profile\Built\Int\t39-results\final\public-clean-spike\sample-10\NodePerformanceTest-glb-export","ok"
"clean-strongest-spike","15e30d85b320669527d49071be17847335a2f661","ABeautifulGame-glb","ABeautifulGame","glb","load","10","39210","81278.800000000003","42977928","","ok"
"clean-strongest-spike","15e30d85b320669527d49071be17847335a2f661","SpecularTest-glb","SpecularTest","glb","roundtrip","10","39210","10236.6","223376","E:\Base3D\glTF-SDK-T39-profile\Built\Int\t39-results\final\public-clean-spike\sample-10\SpecularTest-glb-roundtrip","ok"
"clean-strongest-spike","15e30d85b320669527d49071be17847335a2f661","NodePerformanceTest-glb","NodePerformanceTest","glb","load","10","39210","1910195.5","37986536","","ok"
"clean-strongest-spike","15e30d85b320669527d49071be17847335a2f661","ABeautifulGame-draco-glb","ABeautifulGame","glb","load","10","39210","36564","12105252","","ok"
"clean-strongest-spike","15e30d85b320669527d49071be17847335a2f661","Avocado-glb","Avocado","glb","export","10","39210","46437","8110040","E:\Base3D\glTF-SDK-T39-profile\Built\Int\t39-results\final\public-clean-spike\sample-10\Avocado-glb-export","ok"
"clean-strongest-spike","15e30d85b320669527d49071be17847335a2f661","ABeautifulGame-draco-glb","ABeautifulGame","glb","load","2","39202","36937.300000000003","12105252","","ok"
"clean-strongest-spike","15e30d85b320669527d49071be17847335a2f661","ABeautifulGame-draco-glb","ABeautifulGame","glb","export","2","39202","71109","12105252","E:\Base3D\glTF-SDK-T39-profile\Built\Int\t39-results\final\public-clean-spike\sample-2\ABeautifulGame-draco-glb-export","ok"
"clean-strongest-spike","15e30d85b320669527d49071be17847335a2f661","ABeautifulGame-draco-glb","ABeautifulGame","glb","roundtrip","2","39202","116271.3","12105252","E:\Base3D\glTF-SDK-T39-profile\Built\Int\t39-results\final\public-clean-spike\sample-2\ABeautifulGame-draco-glb-roundtrip","ok"
"clean-strongest-spike","15e30d85b320669527d49071be17847335a2f661","SpecularTest-glb","SpecularTest","glb","roundtrip","2","39202","10371.799999999999","223376","E:\Base3D\glTF-SDK-T39-profile\Built\Int\t39-results\final\public-clean-spike\sample-2\SpecularTest-glb-roundtrip","ok"
"clean-strongest-spike","15e30d85b320669527d49071be17847335a2f661","NodePerformanceTest-glb","NodePerformanceTest","glb","roundtrip","2","39202","2917538.3999999999","37986536","E:\Base3D\glTF-SDK-T39-profile\Built\Int\t39-results\final\public-clean-spike\sample-2\NodePerformanceTest-glb-roundtrip","ok"
"clean-strongest-spike","15e30d85b320669527d49071be17847335a2f661","Avocado-glb","Avocado","glb","export","2","39202","49424.199999999997","8110040","E:\Base3D\glTF-SDK-T39-profile\Built\Int\t39-results\final\public-clean-spike\sample-2\Avocado-glb-export","ok"
"clean-strongest-spike","15e30d85b320669527d49071be17847335a2f661","Avocado-glb","Avocado","glb","load","2","39202","22893","8110040","","ok"
"clean-strongest-spike","15e30d85b320669527d49071be17847335a2f661","SpecularTest-glb","SpecularTest","glb","load","2","39202","7660.1000000000004","223376","","ok"
"clean-strongest-spike","15e30d85b320669527d49071be17847335a2f661","Avocado-glb","Avocado","glb","roundtrip","2","39202","69019.199999999997","8110040","E:\Base3D\glTF-SDK-T39-profile\Built\Int\t39-results\final\public-clean-spike\sample-2\Avocado-glb-roundtrip","ok"
"clean-strongest-spike","15e30d85b320669527d49071be17847335a2f661","SpecularTest-glb","SpecularTest","glb","export","2","39202","2881.9000000000001","223376","E:\Base3D\glTF-SDK-T39-profile\Built\Int\t39-results\final\public-clean-spike\sample-2\SpecularTest-glb-export","ok"
"clean-strongest-spike","15e30d85b320669527d49071be17847335a2f661","ABeautifulGame-glb","ABeautifulGame","glb","roundtrip","2","39202","336003.70000000001","42977928","E:\Base3D\glTF-SDK-T39-profile\Built\Int\t39-results\final\public-clean-spike\sample-2\ABeautifulGame-glb-roundtrip","ok"
"clean-strongest-spike","15e30d85b320669527d49071be17847335a2f661","ABeautifulGame-glb","ABeautifulGame","glb","export","2","39202","253447.79999999999","42977928","E:\Base3D\glTF-SDK-T39-profile\Built\Int\t39-results\final\public-clean-spike\sample-2\ABeautifulGame-glb-export","ok"
"clean-strongest-spike","15e30d85b320669527d49071be17847335a2f661","NodePerformanceTest-glb","NodePerformanceTest","glb","load","2","39202","1921246.3999999999","37986536","","ok"
"clean-strongest-spike","15e30d85b320669527d49071be17847335a2f661","ABeautifulGame-glb","ABeautifulGame","glb","load","2","39202","81485.600000000006","42977928","","ok"
"clean-strongest-spike","15e30d85b320669527d49071be17847335a2f661","NodePerformanceTest-glb","NodePerformanceTest","glb","export","2","39202","868616.69999999995","37986536","E:\Base3D\glTF-SDK-T39-profile\Built\Int\t39-results\final\public-clean-spike\sample-2\NodePerformanceTest-glb-export","ok"
"clean-strongest-spike","15e30d85b320669527d49071be17847335a2f661","Avocado-glb","Avocado","glb","export","3","39203","55282.5","8110040","E:\Base3D\glTF-SDK-T39-profile\Built\Int\t39-results\final\public-clean-spike\sample-3\Avocado-glb-export","ok"
"clean-strongest-spike","15e30d85b320669527d49071be17847335a2f661","SpecularTest-glb","SpecularTest","glb","export","3","39203","2761.5","223376","E:\Base3D\glTF-SDK-T39-profile\Built\Int\t39-results\final\public-clean-spike\sample-3\SpecularTest-glb-export","ok"
"clean-strongest-spike","15e30d85b320669527d49071be17847335a2f661","ABeautifulGame-glb","ABeautifulGame","glb","load","3","39203","84203","42977928","","ok"
"clean-strongest-spike","15e30d85b320669527d49071be17847335a2f661","Avocado-glb","Avocado","glb","roundtrip","3","39203","77336.300000000003","8110040","E:\Base3D\glTF-SDK-T39-profile\Built\Int\t39-results\final\public-clean-spike\sample-3\Avocado-glb-roundtrip","ok"
"clean-strongest-spike","15e30d85b320669527d49071be17847335a2f661","ABeautifulGame-draco-glb","ABeautifulGame","glb","export","3","39203","73020.399999999994","12105252","E:\Base3D\glTF-SDK-T39-profile\Built\Int\t39-results\final\public-clean-spike\sample-3\ABeautifulGame-draco-glb-export","ok"
"clean-strongest-spike","15e30d85b320669527d49071be17847335a2f661","ABeautifulGame-draco-glb","ABeautifulGame","glb","load","3","39203","36163.800000000003","12105252","","ok"
"clean-strongest-spike","15e30d85b320669527d49071be17847335a2f661","ABeautifulGame-glb","ABeautifulGame","glb","roundtrip","3","39203","370548.59999999998","42977928","E:\Base3D\glTF-SDK-T39-profile\Built\Int\t39-results\final\public-clean-spike\sample-3\ABeautifulGame-glb-roundtrip","ok"
"clean-strongest-spike","15e30d85b320669527d49071be17847335a2f661","ABeautifulGame-glb","ABeautifulGame","glb","export","3","39203","275321","42977928","E:\Base3D\glTF-SDK-T39-profile\Built\Int\t39-results\final\public-clean-spike\sample-3\ABeautifulGame-glb-export","ok"
"clean-strongest-spike","15e30d85b320669527d49071be17847335a2f661","SpecularTest-glb","SpecularTest","glb","roundtrip","3","39203","10738","223376","E:\Base3D\glTF-SDK-T39-profile\Built\Int\t39-results\final\public-clean-spike\sample-3\SpecularTest-glb-roundtrip","ok"
"clean-strongest-spike","15e30d85b320669527d49071be17847335a2f661","SpecularTest-glb","SpecularTest","glb","load","3","39203","7524.8000000000002","223376","","ok"
"clean-strongest-spike","15e30d85b320669527d49071be17847335a2f661","NodePerformanceTest-glb","NodePerformanceTest","glb","export","3","39203","923124.80000000005","37986536","E:\Base3D\glTF-SDK-T39-profile\Built\Int\t39-results\final\public-clean-spike\sample-3\NodePerformanceTest-glb-export","ok"
"clean-strongest-spike","15e30d85b320669527d49071be17847335a2f661","ABeautifulGame-draco-glb","ABeautifulGame","glb","roundtrip","3","39203","109330.7","12105252","E:\Base3D\glTF-SDK-T39-profile\Built\Int\t39-results\final\public-clean-spike\sample-3\ABeautifulGame-draco-glb-roundtrip","ok"
"clean-strongest-spike","15e30d85b320669527d49071be17847335a2f661","Avocado-glb","Avocado","glb","load","3","39203","25036.099999999999","8110040","","ok"
"clean-strongest-spike","15e30d85b320669527d49071be17847335a2f661","NodePerformanceTest-glb","NodePerformanceTest","glb","roundtrip","3","39203","2814288.8999999999","37986536","E:\Base3D\glTF-SDK-T39-profile\Built\Int\t39-results\final\public-clean-spike\sample-3\NodePerformanceTest-glb-roundtrip","ok"
"clean-strongest-spike","15e30d85b320669527d49071be17847335a2f661","NodePerformanceTest-glb","NodePerformanceTest","glb","load","3","39203","1900403","37986536","","ok"
"clean-strongest-spike","15e30d85b320669527d49071be17847335a2f661","ABeautifulGame-draco-glb","ABeautifulGame","glb","export","4","39204","74453.100000000006","12105252","E:\Base3D\glTF-SDK-T39-profile\Built\Int\t39-results\final\public-clean-spike\sample-4\ABeautifulGame-draco-glb-export","ok"
"clean-strongest-spike","15e30d85b320669527d49071be17847335a2f661","NodePerformanceTest-glb","NodePerformanceTest","glb","roundtrip","4","39204","2894795.7000000002","37986536","E:\Base3D\glTF-SDK-T39-profile\Built\Int\t39-results\final\public-clean-spike\sample-4\NodePerformanceTest-glb-roundtrip","ok"
"clean-strongest-spike","15e30d85b320669527d49071be17847335a2f661","ABeautifulGame-draco-glb","ABeautifulGame","glb","load","4","39204","35893.800000000003","12105252","","ok"
"clean-strongest-spike","15e30d85b320669527d49071be17847335a2f661","SpecularTest-glb","SpecularTest","glb","load","4","39204","7457.8999999999996","223376","","ok"
"clean-strongest-spike","15e30d85b320669527d49071be17847335a2f661","SpecularTest-glb","SpecularTest","glb","export","4","39204","2723","223376","E:\Base3D\glTF-SDK-T39-profile\Built\Int\t39-results\final\public-clean-spike\sample-4\SpecularTest-glb-export","ok"
"clean-strongest-spike","15e30d85b320669527d49071be17847335a2f661","ABeautifulGame-glb","ABeautifulGame","glb","load","4","39204","80635.199999999997","42977928","","ok"
"clean-strongest-spike","15e30d85b320669527d49071be17847335a2f661","NodePerformanceTest-glb","NodePerformanceTest","glb","export","4","39204","859020.69999999995","37986536","E:\Base3D\glTF-SDK-T39-profile\Built\Int\t39-results\final\public-clean-spike\sample-4\NodePerformanceTest-glb-export","ok"
"clean-strongest-spike","15e30d85b320669527d49071be17847335a2f661","SpecularTest-glb","SpecularTest","glb","roundtrip","4","39204","10978.5","223376","E:\Base3D\glTF-SDK-T39-profile\Built\Int\t39-results\final\public-clean-spike\sample-4\SpecularTest-glb-roundtrip","ok"
"clean-strongest-spike","15e30d85b320669527d49071be17847335a2f661","ABeautifulGame-glb","ABeautifulGame","glb","roundtrip","4","39204","344524.70000000001","42977928","E:\Base3D\glTF-SDK-T39-profile\Built\Int\t39-results\final\public-clean-spike\sample-4\ABeautifulGame-glb-roundtrip","ok"
"clean-strongest-spike","15e30d85b320669527d49071be17847335a2f661","Avocado-glb","Avocado","glb","roundtrip","4","39204","77843.600000000006","8110040","E:\Base3D\glTF-SDK-T39-profile\Built\Int\t39-results\final\public-clean-spike\sample-4\Avocado-glb-roundtrip","ok"
"clean-strongest-spike","15e30d85b320669527d49071be17847335a2f661","Avocado-glb","Avocado","glb","export","4","39204","47053","8110040","E:\Base3D\glTF-SDK-T39-profile\Built\Int\t39-results\final\public-clean-spike\sample-4\Avocado-glb-export","ok"
"clean-strongest-spike","15e30d85b320669527d49071be17847335a2f661","ABeautifulGame-draco-glb","ABeautifulGame","glb","roundtrip","4","39204","106750.39999999999","12105252","E:\Base3D\glTF-SDK-T39-profile\Built\Int\t39-results\final\public-clean-spike\sample-4\ABeautifulGame-draco-glb-roundtrip","ok"
"clean-strongest-spike","15e30d85b320669527d49071be17847335a2f661","ABeautifulGame-glb","ABeautifulGame","glb","export","4","39204","251796.89999999999","42977928","E:\Base3D\glTF-SDK-T39-profile\Built\Int\t39-results\final\public-clean-spike\sample-4\ABeautifulGame-glb-export","ok"
"clean-strongest-spike","15e30d85b320669527d49071be17847335a2f661","NodePerformanceTest-glb","NodePerformanceTest","glb","load","4","39204","1914456.8999999999","37986536","","ok"
"clean-strongest-spike","15e30d85b320669527d49071be17847335a2f661","Avocado-glb","Avocado","glb","load","4","39204","24760.099999999999","8110040","","ok"
"clean-strongest-spike","15e30d85b320669527d49071be17847335a2f661","ABeautifulGame-draco-glb","ABeautifulGame","glb","roundtrip","5","39205","122629.3","12105252","E:\Base3D\glTF-SDK-T39-profile\Built\Int\t39-results\final\public-clean-spike\sample-5\ABeautifulGame-draco-glb-roundtrip","ok"
"clean-strongest-spike","15e30d85b320669527d49071be17847335a2f661","ABeautifulGame-glb","ABeautifulGame","glb","export","5","39205","262145.20000000001","42977928","E:\Base3D\glTF-SDK-T39-profile\Built\Int\t39-results\final\public-clean-spike\sample-5\ABeautifulGame-glb-export","ok"
"clean-strongest-spike","15e30d85b320669527d49071be17847335a2f661","Avocado-glb","Avocado","glb","export","5","39205","46682.199999999997","8110040","E:\Base3D\glTF-SDK-T39-profile\Built\Int\t39-results\final\public-clean-spike\sample-5\Avocado-glb-export","ok"
"clean-strongest-spike","15e30d85b320669527d49071be17847335a2f661","NodePerformanceTest-glb","NodePerformanceTest","glb","load","5","39205","2003418.3","37986536","","ok"
"clean-strongest-spike","15e30d85b320669527d49071be17847335a2f661","Avocado-glb","Avocado","glb","load","5","39205","24399","8110040","","ok"
"clean-strongest-spike","15e30d85b320669527d49071be17847335a2f661","ABeautifulGame-glb","ABeautifulGame","glb","roundtrip","5","39205","344374.5","42977928","E:\Base3D\glTF-SDK-T39-profile\Built\Int\t39-results\final\public-clean-spike\sample-5\ABeautifulGame-glb-roundtrip","ok"
"clean-strongest-spike","15e30d85b320669527d49071be17847335a2f661","NodePerformanceTest-glb","NodePerformanceTest","glb","export","5","39205","895908.80000000005","37986536","E:\Base3D\glTF-SDK-T39-profile\Built\Int\t39-results\final\public-clean-spike\sample-5\NodePerformanceTest-glb-export","ok"
"clean-strongest-spike","15e30d85b320669527d49071be17847335a2f661","SpecularTest-glb","SpecularTest","glb","export","5","39205","2820.0999999999999","223376","E:\Base3D\glTF-SDK-T39-profile\Built\Int\t39-results\final\public-clean-spike\sample-5\SpecularTest-glb-export","ok"
"clean-strongest-spike","15e30d85b320669527d49071be17847335a2f661","ABeautifulGame-glb","ABeautifulGame","glb","load","5","39205","79824.199999999997","42977928","","ok"
"clean-strongest-spike","15e30d85b320669527d49071be17847335a2f661","ABeautifulGame-draco-glb","ABeautifulGame","glb","load","5","39205","36532.300000000003","12105252","","ok"
"clean-strongest-spike","15e30d85b320669527d49071be17847335a2f661","ABeautifulGame-draco-glb","ABeautifulGame","glb","export","5","39205","70178.800000000003","12105252","E:\Base3D\glTF-SDK-T39-profile\Built\Int\t39-results\final\public-clean-spike\sample-5\ABeautifulGame-draco-glb-export","ok"
"clean-strongest-spike","15e30d85b320669527d49071be17847335a2f661","NodePerformanceTest-glb","NodePerformanceTest","glb","roundtrip","5","39205","2767525.7999999998","37986536","E:\Base3D\glTF-SDK-T39-profile\Built\Int\t39-results\final\public-clean-spike\sample-5\NodePerformanceTest-glb-roundtrip","ok"
"clean-strongest-spike","15e30d85b320669527d49071be17847335a2f661","SpecularTest-glb","SpecularTest","glb","load","5","39205","7548.6000000000004","223376","","ok"
"clean-strongest-spike","15e30d85b320669527d49071be17847335a2f661","Avocado-glb","Avocado","glb","roundtrip","5","39205","76999","8110040","E:\Base3D\glTF-SDK-T39-profile\Built\Int\t39-results\final\public-clean-spike\sample-5\Avocado-glb-roundtrip","ok"
"clean-strongest-spike","15e30d85b320669527d49071be17847335a2f661","SpecularTest-glb","SpecularTest","glb","roundtrip","5","39205","10673.5","223376","E:\Base3D\glTF-SDK-T39-profile\Built\Int\t39-results\final\public-clean-spike\sample-5\SpecularTest-glb-roundtrip","ok"
"clean-strongest-spike","15e30d85b320669527d49071be17847335a2f661","NodePerformanceTest-glb","NodePerformanceTest","glb","load","6","39206","1963712.8999999999","37986536","","ok"
"clean-strongest-spike","15e30d85b320669527d49071be17847335a2f661","ABeautifulGame-glb","ABeautifulGame","glb","roundtrip","6","39206","341305.90000000002","42977928","E:\Base3D\glTF-SDK-T39-profile\Built\Int\t39-results\final\public-clean-spike\sample-6\ABeautifulGame-glb-roundtrip","ok"
"clean-strongest-spike","15e30d85b320669527d49071be17847335a2f661","SpecularTest-glb","SpecularTest","glb","load","6","39206","7354.3000000000002","223376","","ok"
"clean-strongest-spike","15e30d85b320669527d49071be17847335a2f661","Avocado-glb","Avocado","glb","export","6","39206","47341.300000000003","8110040","E:\Base3D\glTF-SDK-T39-profile\Built\Int\t39-results\final\public-clean-spike\sample-6\Avocado-glb-export","ok"
"clean-strongest-spike","15e30d85b320669527d49071be17847335a2f661","NodePerformanceTest-glb","NodePerformanceTest","glb","roundtrip","6","39206","2862286.5","37986536","E:\Base3D\glTF-SDK-T39-profile\Built\Int\t39-results\final\public-clean-spike\sample-6\NodePerformanceTest-glb-roundtrip","ok"
"clean-strongest-spike","15e30d85b320669527d49071be17847335a2f661","ABeautifulGame-glb","ABeautifulGame","glb","export","6","39206","249082.10000000001","42977928","E:\Base3D\glTF-SDK-T39-profile\Built\Int\t39-results\final\public-clean-spike\sample-6\ABeautifulGame-glb-export","ok"
"clean-strongest-spike","15e30d85b320669527d49071be17847335a2f661","ABeautifulGame-draco-glb","ABeautifulGame","glb","roundtrip","6","39206","117233.89999999999","12105252","E:\Base3D\glTF-SDK-T39-profile\Built\Int\t39-results\final\public-clean-spike\sample-6\ABeautifulGame-draco-glb-roundtrip","ok"
"clean-strongest-spike","15e30d85b320669527d49071be17847335a2f661","ABeautifulGame-glb","ABeautifulGame","glb","load","6","39206","87852.100000000006","42977928","","ok"
"clean-strongest-spike","15e30d85b320669527d49071be17847335a2f661","Avocado-glb","Avocado","glb","load","6","39206","33205.099999999999","8110040","","ok"
"clean-strongest-spike","15e30d85b320669527d49071be17847335a2f661","NodePerformanceTest-glb","NodePerformanceTest","glb","export","6","39206","869172.40000000002","37986536","E:\Base3D\glTF-SDK-T39-profile\Built\Int\t39-results\final\public-clean-spike\sample-6\NodePerformanceTest-glb-export","ok"
"clean-strongest-spike","15e30d85b320669527d49071be17847335a2f661","ABeautifulGame-draco-glb","ABeautifulGame","glb","load","6","39206","36265.300000000003","12105252","","ok"
"clean-strongest-spike","15e30d85b320669527d49071be17847335a2f661","ABeautifulGame-draco-glb","ABeautifulGame","glb","export","6","39206","72397.699999999997","12105252","E:\Base3D\glTF-SDK-T39-profile\Built\Int\t39-results\final\public-clean-spike\sample-6\ABeautifulGame-draco-glb-export","ok"
"clean-strongest-spike","15e30d85b320669527d49071be17847335a2f661","SpecularTest-glb","SpecularTest","glb","export","6","39206","3139.8000000000002","223376","E:\Base3D\glTF-SDK-T39-profile\Built\Int\t39-results\final\public-clean-spike\sample-6\SpecularTest-glb-export","ok"
"clean-strongest-spike","15e30d85b320669527d49071be17847335a2f661","SpecularTest-glb","SpecularTest","glb","roundtrip","6","39206","10321.299999999999","223376","E:\Base3D\glTF-SDK-T39-profile\Built\Int\t39-results\final\public-clean-spike\sample-6\SpecularTest-glb-roundtrip","ok"
"clean-strongest-spike","15e30d85b320669527d49071be17847335a2f661","Avocado-glb","Avocado","glb","roundtrip","6","39206","78287.399999999994","8110040","E:\Base3D\glTF-SDK-T39-profile\Built\Int\t39-results\final\public-clean-spike\sample-6\Avocado-glb-roundtrip","ok"
"clean-strongest-spike","15e30d85b320669527d49071be17847335a2f661","Avocado-glb","Avocado","glb","export","7","39207","48040","8110040","E:\Base3D\glTF-SDK-T39-profile\Built\Int\t39-results\final\public-clean-spike\sample-7\Avocado-glb-export","ok"
"clean-strongest-spike","15e30d85b320669527d49071be17847335a2f661","Avocado-glb","Avocado","glb","load","7","39207","23412.5","8110040","","ok"
"clean-strongest-spike","15e30d85b320669527d49071be17847335a2f661","SpecularTest-glb","SpecularTest","glb","roundtrip","7","39207","11368.799999999999","223376","E:\Base3D\glTF-SDK-T39-profile\Built\Int\t39-results\final\public-clean-spike\sample-7\SpecularTest-glb-roundtrip","ok"
"clean-strongest-spike","15e30d85b320669527d49071be17847335a2f661","ABeautifulGame-glb","ABeautifulGame","glb","roundtrip","7","39207","334114.40000000002","42977928","E:\Base3D\glTF-SDK-T39-profile\Built\Int\t39-results\final\public-clean-spike\sample-7\ABeautifulGame-glb-roundtrip","ok"
"clean-strongest-spike","15e30d85b320669527d49071be17847335a2f661","NodePerformanceTest-glb","NodePerformanceTest","glb","export","7","39207","921648.40000000002","37986536","E:\Base3D\glTF-SDK-T39-profile\Built\Int\t39-results\final\public-clean-spike\sample-7\NodePerformanceTest-glb-export","ok"
"clean-strongest-spike","15e30d85b320669527d49071be17847335a2f661","ABeautifulGame-draco-glb","ABeautifulGame","glb","export","7","39207","82114.699999999997","12105252","E:\Base3D\glTF-SDK-T39-profile\Built\Int\t39-results\final\public-clean-spike\sample-7\ABeautifulGame-draco-glb-export","ok"
"clean-strongest-spike","15e30d85b320669527d49071be17847335a2f661","ABeautifulGame-draco-glb","ABeautifulGame","glb","roundtrip","7","39207","116090.5","12105252","E:\Base3D\glTF-SDK-T39-profile\Built\Int\t39-results\final\public-clean-spike\sample-7\ABeautifulGame-draco-glb-roundtrip","ok"
"clean-strongest-spike","15e30d85b320669527d49071be17847335a2f661","ABeautifulGame-glb","ABeautifulGame","glb","load","7","39207","83697.699999999997","42977928","","ok"
"clean-strongest-spike","15e30d85b320669527d49071be17847335a2f661","ABeautifulGame-draco-glb","ABeautifulGame","glb","load","7","39207","36329.599999999999","12105252","","ok"
"clean-strongest-spike","15e30d85b320669527d49071be17847335a2f661","NodePerformanceTest-glb","NodePerformanceTest","glb","roundtrip","7","39207","2791503.1000000001","37986536","E:\Base3D\glTF-SDK-T39-profile\Built\Int\t39-results\final\public-clean-spike\sample-7\NodePerformanceTest-glb-roundtrip","ok"
"clean-strongest-spike","15e30d85b320669527d49071be17847335a2f661","NodePerformanceTest-glb","NodePerformanceTest","glb","load","7","39207","1935004.6000000001","37986536","","ok"
"clean-strongest-spike","15e30d85b320669527d49071be17847335a2f661","ABeautifulGame-glb","ABeautifulGame","glb","export","7","39207","257020.60000000001","42977928","E:\Base3D\glTF-SDK-T39-profile\Built\Int\t39-results\final\public-clean-spike\sample-7\ABeautifulGame-glb-export","ok"
"clean-strongest-spike","15e30d85b320669527d49071be17847335a2f661","SpecularTest-glb","SpecularTest","glb","load","7","39207","8753.5","223376","","ok"
"clean-strongest-spike","15e30d85b320669527d49071be17847335a2f661","Avocado-glb","Avocado","glb","roundtrip","7","39207","69429","8110040","E:\Base3D\glTF-SDK-T39-profile\Built\Int\t39-results\final\public-clean-spike\sample-7\Avocado-glb-roundtrip","ok"
"clean-strongest-spike","15e30d85b320669527d49071be17847335a2f661","SpecularTest-glb","SpecularTest","glb","export","7","39207","2767.8000000000002","223376","E:\Base3D\glTF-SDK-T39-profile\Built\Int\t39-results\final\public-clean-spike\sample-7\SpecularTest-glb-export","ok"
"clean-strongest-spike","15e30d85b320669527d49071be17847335a2f661","ABeautifulGame-glb","ABeautifulGame","glb","roundtrip","8","39208","351567","42977928","E:\Base3D\glTF-SDK-T39-profile\Built\Int\t39-results\final\public-clean-spike\sample-8\ABeautifulGame-glb-roundtrip","ok"
"clean-strongest-spike","15e30d85b320669527d49071be17847335a2f661","Avocado-glb","Avocado","glb","load","8","39208","23671.400000000001","8110040","","ok"
"clean-strongest-spike","15e30d85b320669527d49071be17847335a2f661","SpecularTest-glb","SpecularTest","glb","load","8","39208","7603.8999999999996","223376","","ok"
"clean-strongest-spike","15e30d85b320669527d49071be17847335a2f661","NodePerformanceTest-glb","NodePerformanceTest","glb","export","8","39208","921614.59999999998","37986536","E:\Base3D\glTF-SDK-T39-profile\Built\Int\t39-results\final\public-clean-spike\sample-8\NodePerformanceTest-glb-export","ok"
"clean-strongest-spike","15e30d85b320669527d49071be17847335a2f661","Avocado-glb","Avocado","glb","roundtrip","8","39208","69830.600000000006","8110040","E:\Base3D\glTF-SDK-T39-profile\Built\Int\t39-results\final\public-clean-spike\sample-8\Avocado-glb-roundtrip","ok"
"clean-strongest-spike","15e30d85b320669527d49071be17847335a2f661","SpecularTest-glb","SpecularTest","glb","export","8","39208","3208.1999999999998","223376","E:\Base3D\glTF-SDK-T39-profile\Built\Int\t39-results\final\public-clean-spike\sample-8\SpecularTest-glb-export","ok"
"clean-strongest-spike","15e30d85b320669527d49071be17847335a2f661","Avocado-glb","Avocado","glb","export","8","39208","47109.599999999999","8110040","E:\Base3D\glTF-SDK-T39-profile\Built\Int\t39-results\final\public-clean-spike\sample-8\Avocado-glb-export","ok"
"clean-strongest-spike","15e30d85b320669527d49071be17847335a2f661","NodePerformanceTest-glb","NodePerformanceTest","glb","load","8","39208","1922844.8999999999","37986536","","ok"
"clean-strongest-spike","15e30d85b320669527d49071be17847335a2f661","ABeautifulGame-draco-glb","ABeautifulGame","glb","load","8","39208","35908.699999999997","12105252","","ok"
"clean-strongest-spike","15e30d85b320669527d49071be17847335a2f661","SpecularTest-glb","SpecularTest","glb","roundtrip","8","39208","10943.5","223376","E:\Base3D\glTF-SDK-T39-profile\Built\Int\t39-results\final\public-clean-spike\sample-8\SpecularTest-glb-roundtrip","ok"
"clean-strongest-spike","15e30d85b320669527d49071be17847335a2f661","ABeautifulGame-draco-glb","ABeautifulGame","glb","export","8","39208","73747.699999999997","12105252","E:\Base3D\glTF-SDK-T39-profile\Built\Int\t39-results\final\public-clean-spike\sample-8\ABeautifulGame-draco-glb-export","ok"
"clean-strongest-spike","15e30d85b320669527d49071be17847335a2f661","ABeautifulGame-glb","ABeautifulGame","glb","export","8","39208","253049.79999999999","42977928","E:\Base3D\glTF-SDK-T39-profile\Built\Int\t39-results\final\public-clean-spike\sample-8\ABeautifulGame-glb-export","ok"
"clean-strongest-spike","15e30d85b320669527d49071be17847335a2f661","ABeautifulGame-glb","ABeautifulGame","glb","load","8","39208","82396.399999999994","42977928","","ok"
"clean-strongest-spike","15e30d85b320669527d49071be17847335a2f661","NodePerformanceTest-glb","NodePerformanceTest","glb","roundtrip","8","39208","2863241.3999999999","37986536","E:\Base3D\glTF-SDK-T39-profile\Built\Int\t39-results\final\public-clean-spike\sample-8\NodePerformanceTest-glb-roundtrip","ok"
"clean-strongest-spike","15e30d85b320669527d49071be17847335a2f661","ABeautifulGame-draco-glb","ABeautifulGame","glb","roundtrip","8","39208","107880","12105252","E:\Base3D\glTF-SDK-T39-profile\Built\Int\t39-results\final\public-clean-spike\sample-8\ABeautifulGame-draco-glb-roundtrip","ok"
"clean-strongest-spike","15e30d85b320669527d49071be17847335a2f661","ABeautifulGame-draco-glb","ABeautifulGame","glb","load","9","39209","38408.599999999999","12105252","","ok"
"clean-strongest-spike","15e30d85b320669527d49071be17847335a2f661","ABeautifulGame-glb","ABeautifulGame","glb","roundtrip","9","39209","360838","42977928","E:\Base3D\glTF-SDK-T39-profile\Built\Int\t39-results\final\public-clean-spike\sample-9\ABeautifulGame-glb-roundtrip","ok"
"clean-strongest-spike","15e30d85b320669527d49071be17847335a2f661","NodePerformanceTest-glb","NodePerformanceTest","glb","roundtrip","9","39209","2848278.5","37986536","E:\Base3D\glTF-SDK-T39-profile\Built\Int\t39-results\final\public-clean-spike\sample-9\NodePerformanceTest-glb-roundtrip","ok"
"clean-strongest-spike","15e30d85b320669527d49071be17847335a2f661","Avocado-glb","Avocado","glb","load","9","39209","24737.400000000001","8110040","","ok"
"clean-strongest-spike","15e30d85b320669527d49071be17847335a2f661","Avocado-glb","Avocado","glb","export","9","39209","47836","8110040","E:\Base3D\glTF-SDK-T39-profile\Built\Int\t39-results\final\public-clean-spike\sample-9\Avocado-glb-export","ok"
"clean-strongest-spike","15e30d85b320669527d49071be17847335a2f661","SpecularTest-glb","SpecularTest","glb","load","9","39209","8255.7999999999993","223376","","ok"
"clean-strongest-spike","15e30d85b320669527d49071be17847335a2f661","SpecularTest-glb","SpecularTest","glb","roundtrip","9","39209","15265.799999999999","223376","E:\Base3D\glTF-SDK-T39-profile\Built\Int\t39-results\final\public-clean-spike\sample-9\SpecularTest-glb-roundtrip","ok"
"clean-strongest-spike","15e30d85b320669527d49071be17847335a2f661","ABeautifulGame-glb","ABeautifulGame","glb","export","9","39209","253976","42977928","E:\Base3D\glTF-SDK-T39-profile\Built\Int\t39-results\final\public-clean-spike\sample-9\ABeautifulGame-glb-export","ok"
"clean-strongest-spike","15e30d85b320669527d49071be17847335a2f661","NodePerformanceTest-glb","NodePerformanceTest","glb","export","9","39209","864732","37986536","E:\Base3D\glTF-SDK-T39-profile\Built\Int\t39-results\final\public-clean-spike\sample-9\NodePerformanceTest-glb-export","ok"
"clean-strongest-spike","15e30d85b320669527d49071be17847335a2f661","ABeautifulGame-draco-glb","ABeautifulGame","glb","export","9","39209","72232.899999999994","12105252","E:\Base3D\glTF-SDK-T39-profile\Built\Int\t39-results\final\public-clean-spike\sample-9\ABeautifulGame-draco-glb-export","ok"
"clean-strongest-spike","15e30d85b320669527d49071be17847335a2f661","ABeautifulGame-glb","ABeautifulGame","glb","load","9","39209","81995.100000000006","42977928","","ok"
"clean-strongest-spike","15e30d85b320669527d49071be17847335a2f661","NodePerformanceTest-glb","NodePerformanceTest","glb","load","9","39209","1924166.2","37986536","","ok"
"clean-strongest-spike","15e30d85b320669527d49071be17847335a2f661","SpecularTest-glb","SpecularTest","glb","export","9","39209","2831.9000000000001","223376","E:\Base3D\glTF-SDK-T39-profile\Built\Int\t39-results\final\public-clean-spike\sample-9\SpecularTest-glb-export","ok"
"clean-strongest-spike","15e30d85b320669527d49071be17847335a2f661","Avocado-glb","Avocado","glb","roundtrip","9","39209","70547.699999999997","8110040","E:\Base3D\glTF-SDK-T39-profile\Built\Int\t39-results\final\public-clean-spike\sample-9\Avocado-glb-roundtrip","ok"
"clean-strongest-spike","15e30d85b320669527d49071be17847335a2f661","ABeautifulGame-draco-glb","ABeautifulGame","glb","roundtrip","9","39209","108736","12105252","E:\Base3D\glTF-SDK-T39-profile\Built\Int\t39-results\final\public-clean-spike\sample-9\ABeautifulGame-draco-glb-roundtrip","ok"
