"phase","cycle","order_seed","order_position","implementation","started_utc","completed_utc","duration_ms","peak_working_set_bytes","active_case_count","large_case_count","cohort","exit_code"
"warmup","1","101","1","rapidjson-1.9.5","2026-09-02T14:39:13.5759172Z","2026-09-02T14:39:26.3676898Z","12791.773","399400960","16","3","large-enabled","0"
"warmup","1","101","2","nlohmann-2.0.0","2026-09-02T14:39:26.4599321Z","2026-09-02T14:40:49.2184764Z","82758.544","452718592","16","3","large-enabled","0"
"warmup","2","102","1","nlohmann-2.0.0","2026-09-02T14:40:49.3000527Z","2026-09-02T14:42:11.4192589Z","82119.206","453472256","16","3","large-enabled","0"
"warmup","2","102","2","rapidjson-1.9.5","2026-09-02T14:42:11.5122361Z","2026-09-02T14:42:24.2246673Z","12712.431","400764928","16","3","large-enabled","0"
"warmup","3","103","1","rapidjson-1.9.5","2026-09-02T14:42:24.2977775Z","2026-09-02T14:42:36.7217229Z","12423.945","399962112","16","3","large-enabled","0"
"warmup","3","103","2","nlohmann-2.0.0","2026-09-02T14:42:36.8059425Z","2026-09-02T14:43:58.6922846Z","81886.342","451780608","16","3","large-enabled","0"
"warmup","4","104","1","nlohmann-2.0.0","2026-09-02T14:43:58.7869094Z","2026-09-02T14:45:20.9662254Z","82179.316","452493312","16","3","large-enabled","0"
"warmup","4","104","2","rapidjson-1.9.5","2026-09-02T14:45:21.0457829Z","2026-09-02T14:45:33.5522498Z","12506.467","416923648","16","3","large-enabled","0"
"warmup","5","105","1","rapidjson-1.9.5","2026-09-02T14:45:33.6297253Z","2026-09-02T14:45:46.6019513Z","12972.226","417263616","16","3","large-enabled","0"
"warmup","5","105","2","nlohmann-2.0.0","2026-09-02T14:45:46.6758556Z","2026-09-02T14:47:08.7681681Z","82092.312","454115328","16","3","large-enabled","0"
"measured","1","1001","1","rapidjson-1.9.5","2026-09-02T14:47:08.8626683Z","2026-09-02T14:47:21.5380866Z","12675.418","399695872","16","3","large-enabled","0"
"measured","1","1001","2","nlohmann-2.0.0","2026-09-02T14:47:22.5365354Z","2026-09-02T14:48:45.0804041Z","82543.869","453328896","16","3","large-enabled","0"
"measured","2","1002","1","nlohmann-2.0.0","2026-09-02T14:48:45.9987818Z","2026-09-02T14:50:13.3210309Z","87322.249","451993600","16","3","large-enabled","0"
"measured","2","1002","2","rapidjson-1.9.5","2026-09-02T14:50:14.2410976Z","2026-09-02T14:50:27.5944722Z","13353.375","398520320","16","3","large-enabled","0"
"measured","3","1003","1","rapidjson-1.9.5","2026-09-02T14:50:28.6627361Z","2026-09-02T14:50:41.2563508Z","12593.615","399020032","16","3","large-enabled","0"
"measured","3","1003","2","nlohmann-2.0.0","2026-09-02T14:50:42.1691416Z","2026-09-02T14:52:04.1829775Z","82013.836","452235264","16","3","large-enabled","0"
"measured","4","1004","1","nlohmann-2.0.0","2026-09-02T14:52:05.1082596Z","2026-09-02T14:53:27.2116300Z","82103.37","449495040","16","3","large-enabled","0"
"measured","4","1004","2","rapidjson-1.9.5","2026-09-02T14:53:28.1333551Z","2026-09-02T14:53:40.6334502Z","12500.095","395804672","16","3","large-enabled","0"
"measured","5","1005","1","rapidjson-1.9.5","2026-09-02T14:53:41.5420526Z","2026-09-02T14:53:54.0631732Z","12521.121","400703488","16","3","large-enabled","0"
"measured","5","1005","2","nlohmann-2.0.0","2026-09-02T14:53:54.9832946Z","2026-09-02T14:55:29.5016462Z","94518.352","453365760","16","3","large-enabled","0"
"measured","6","1006","1","nlohmann-2.0.0","2026-09-02T14:55:30.4228975Z","2026-09-02T14:56:52.2696239Z","81846.726","452448256","16","3","large-enabled","0"
"measured","6","1006","2","rapidjson-1.9.5","2026-09-02T14:56:53.2066891Z","2026-09-02T14:57:05.9200617Z","12713.373","417210368","16","3","large-enabled","0"
"measured","7","1007","1","rapidjson-1.9.5","2026-09-02T14:57:06.8235200Z","2026-09-02T14:57:19.6703683Z","12846.848","418676736","16","3","large-enabled","0"
"measured","7","1007","2","nlohmann-2.0.0","2026-09-02T14:57:20.5800381Z","2026-09-02T14:58:42.6374276Z","82057.39","452513792","16","3","large-enabled","0"
"measured","8","1008","1","nlohmann-2.0.0","2026-09-02T14:58:43.5813728Z","2026-09-02T15:00:05.7344315Z","82153.059","452227072","16","3","large-enabled","0"
"measured","8","1008","2","rapidjson-1.9.5","2026-09-02T15:00:06.6685926Z","2026-09-02T15:00:19.0499358Z","12381.343","398876672","16","3","large-enabled","0"
"measured","9","1009","1","rapidjson-1.9.5","2026-09-02T15:00:19.9629951Z","2026-09-02T15:00:33.1197451Z","13156.75","398127104","16","3","large-enabled","0"
"measured","9","1009","2","nlohmann-2.0.0","2026-09-02T15:00:34.0381595Z","2026-09-02T15:01:56.3489245Z","82310.765","452812800","16","3","large-enabled","0"
"measured","10","1010","1","nlohmann-2.0.0","2026-09-02T15:01:57.2772289Z","2026-09-02T15:03:19.3796089Z","82102.38","451768320","16","3","large-enabled","0"
"measured","10","1010","2","rapidjson-1.9.5","2026-09-02T15:03:20.3070857Z","2026-09-02T15:03:32.6556111Z","12348.525","419418112","16","3","large-enabled","0"
"measured","11","1011","1","rapidjson-1.9.5","2026-09-02T15:03:33.5808202Z","2026-09-02T15:03:46.1335968Z","12552.777","399036416","16","3","large-enabled","0"
"measured","11","1011","2","nlohmann-2.0.0","2026-09-02T15:03:47.0666306Z","2026-09-02T15:05:09.1084453Z","82041.815","452493312","16","3","large-enabled","0"
"measured","12","1012","1","nlohmann-2.0.0","2026-09-02T15:05:10.0231874Z","2026-09-02T15:06:32.3492873Z","82326.1","454582272","16","3","large-enabled","0"
"measured","12","1012","2","rapidjson-1.9.5","2026-09-02T15:06:33.3103489Z","2026-09-02T15:06:46.0470345Z","12736.686","399691776","16","3","large-enabled","0"
"measured","13","1013","1","rapidjson-1.9.5","2026-09-02T15:06:46.9674098Z","2026-09-02T15:06:59.4610418Z","12493.632","396926976","16","3","large-enabled","0"
"measured","13","1013","2","nlohmann-2.0.0","2026-09-02T15:07:00.3643336Z","2026-09-02T15:08:25.9082058Z","85543.872","447647744","16","3","large-enabled","0"
"measured","14","1014","1","nlohmann-2.0.0","2026-09-02T15:08:27.0977722Z","2026-09-02T15:09:50.7186234Z","83620.851","453582848","16","3","large-enabled","0"
"measured","14","1014","2","rapidjson-1.9.5","2026-09-02T15:09:51.6579811Z","2026-09-02T15:10:04.9097064Z","13251.725","400977920","16","3","large-enabled","0"
"measured","15","1015","1","rapidjson-1.9.5","2026-09-02T15:10:05.8184440Z","2026-09-02T15:10:18.7836422Z","12965.198","398974976","16","3","large-enabled","0"
"measured","15","1015","2","nlohmann-2.0.0","2026-09-02T15:10:19.6875723Z","2026-09-02T15:11:42.8539683Z","83166.396","451977216","16","3","large-enabled","0"
"measured","16","1016","1","nlohmann-2.0.0","2026-09-02T15:11:43.7529344Z","2026-09-02T15:13:06.9139306Z","83160.996","448806912","16","3","large-enabled","0"
"measured","16","1016","2","rapidjson-1.9.5","2026-09-02T15:13:07.8678561Z","2026-09-02T15:13:20.7475556Z","12879.7","394727424","16","3","large-enabled","0"
"measured","17","1017","1","rapidjson-1.9.5","2026-09-02T15:13:22.0486507Z","2026-09-02T15:13:35.3753941Z","13326.743","394702848","16","3","large-enabled","0"
"measured","17","1017","2","nlohmann-2.0.0","2026-09-02T15:13:36.3161686Z","2026-09-02T15:14:59.4964424Z","83180.274","448471040","16","3","large-enabled","0"
"measured","18","1018","1","nlohmann-2.0.0","2026-09-02T15:15:00.4526897Z","2026-09-02T15:16:23.4513702Z","82998.68","452046848","16","3","large-enabled","0"
"measured","18","1018","2","rapidjson-1.9.5","2026-09-02T15:16:24.3966702Z","2026-09-02T15:16:37.1622684Z","12765.598","398499840","16","3","large-enabled","0"
"measured","19","1019","1","rapidjson-1.9.5","2026-09-02T15:16:38.0780430Z","2026-09-02T15:16:51.3741451Z","13296.102","398901248","16","3","large-enabled","0"
"measured","19","1019","2","nlohmann-2.0.0","2026-09-02T15:16:52.3016686Z","2026-09-02T15:18:15.6015602Z","83299.892","453595136","16","3","large-enabled","0"
"measured","20","1020","1","nlohmann-2.0.0","2026-09-02T15:18:16.5624745Z","2026-09-02T15:19:47.1837436Z","90621.269","454463488","16","3","large-enabled","0"
"measured","20","1020","2","rapidjson-1.9.5","2026-09-02T15:19:48.1478796Z","2026-09-02T15:20:02.7306970Z","14582.817","399826944","16","3","large-enabled","0"
"measured","21","1021","1","rapidjson-1.9.5","2026-09-02T15:20:03.7402350Z","2026-09-02T15:20:17.1912026Z","13450.968","398974976","16","3","large-enabled","0"
"measured","21","1021","2","nlohmann-2.0.0","2026-09-02T15:20:18.1365861Z","2026-09-02T15:21:43.5166727Z","85380.087","453246976","16","3","large-enabled","0"
"measured","22","1022","1","nlohmann-2.0.0","2026-09-02T15:21:44.4688154Z","2026-09-02T15:23:08.8343447Z","84365.529","452472832","16","3","large-enabled","0"
"measured","22","1022","2","rapidjson-1.9.5","2026-09-02T15:23:09.7634313Z","2026-09-02T15:23:22.4158974Z","12652.466","418963456","16","3","large-enabled","0"
"measured","23","1023","1","rapidjson-1.9.5","2026-09-02T15:23:23.3377486Z","2026-09-02T15:23:35.9690286Z","12631.28","398786560","16","3","large-enabled","0"
"measured","23","1023","2","nlohmann-2.0.0","2026-09-02T15:23:36.9009353Z","2026-09-02T15:25:01.1969616Z","84296.026","451223552","16","3","large-enabled","0"
"measured","24","1024","1","nlohmann-2.0.0","2026-09-02T15:25:02.1739426Z","2026-09-02T15:26:25.7979574Z","83624.015","453562368","16","3","large-enabled","0"
"measured","24","1024","2","rapidjson-1.9.5","2026-09-02T15:26:26.7381734Z","2026-09-02T15:26:39.4187344Z","12680.561","399921152","16","3","large-enabled","0"
"measured","25","1025","1","rapidjson-1.9.5","2026-09-02T15:26:40.3329007Z","2026-09-02T15:26:53.2924044Z","12959.504","395874304","16","3","large-enabled","0"
"measured","25","1025","2","nlohmann-2.0.0","2026-09-02T15:26:54.2163631Z","2026-09-02T15:28:17.5101692Z","83293.806","447942656","16","3","large-enabled","0"
"measured","26","1026","1","nlohmann-2.0.0","2026-09-02T15:28:18.4507293Z","2026-09-02T15:29:41.7466905Z","83295.961","453689344","16","3","large-enabled","0"
"measured","26","1026","2","rapidjson-1.9.5","2026-09-02T15:29:42.6641744Z","2026-09-02T15:29:55.4500731Z","12785.899","420458496","16","3","large-enabled","0"
"measured","27","1027","1","rapidjson-1.9.5","2026-09-02T15:29:56.3673807Z","2026-09-02T15:30:09.4735214Z","13106.141","417984512","16","3","large-enabled","0"
"measured","27","1027","2","nlohmann-2.0.0","2026-09-02T15:30:10.4081581Z","2026-09-02T15:31:33.8079145Z","83399.756","452399104","16","3","large-enabled","0"
"measured","28","1028","1","nlohmann-2.0.0","2026-09-02T15:31:34.7532205Z","2026-09-02T15:33:00.4901963Z","85736.976","454266880","16","3","large-enabled","0"
"measured","28","1028","2","rapidjson-1.9.5","2026-09-02T15:33:01.4627668Z","2026-09-02T15:33:14.5433549Z","13080.588","399007744","16","3","large-enabled","0"
"measured","29","1029","1","rapidjson-1.9.5","2026-09-02T15:33:15.5175084Z","2026-09-02T15:33:28.6754505Z","13157.942","417873920","16","3","large-enabled","0"
"measured","29","1029","2","nlohmann-2.0.0","2026-09-02T15:33:29.5824132Z","2026-09-02T15:34:54.0670550Z","84484.642","453726208","16","3","large-enabled","0"
"measured","30","1030","1","nlohmann-2.0.0","2026-09-02T15:34:55.0039903Z","2026-09-02T15:36:18.0275155Z","83023.525","453963776","16","3","large-enabled","0"
"measured","30","1030","2","rapidjson-1.9.5","2026-09-02T15:36:18.9599631Z","2026-09-02T15:36:31.6814355Z","12721.472","398426112","16","3","large-enabled","0"
"measured","31","1031","1","rapidjson-1.9.5","2026-09-02T15:36:32.6272134Z","2026-09-02T15:36:33.8350800Z","1207.867","42565632","13","0","standard-only","0"
"measured","31","1031","2","nlohmann-2.0.0","2026-09-02T15:36:34.1341462Z","2026-09-02T15:36:35.5116026Z","1377.456","42950656","13","0","standard-only","0"
"measured","32","1032","1","nlohmann-2.0.0","2026-09-02T15:36:35.8100056Z","2026-09-02T15:36:37.1475848Z","1337.579","42942464","13","0","standard-only","0"
"measured","32","1032","2","rapidjson-1.9.5","2026-09-02T15:36:37.4629383Z","2026-09-02T15:36:38.6134340Z","1150.496","42536960","13","0","standard-only","0"
"measured","33","1033","1","rapidjson-1.9.5","2026-09-02T15:36:38.9154533Z","2026-09-02T15:36:40.1189580Z","1203.505","42340352","13","0","standard-only","0"
"measured","33","1033","2","nlohmann-2.0.0","2026-09-02T15:36:40.4539069Z","2026-09-02T15:36:41.8030028Z","1349.096","42749952","13","0","standard-only","0"
"measured","34","1034","1","nlohmann-2.0.0","2026-09-02T15:36:42.1079003Z","2026-09-02T15:36:43.4352539Z","1327.354","43008000","13","0","standard-only","0"
"measured","34","1034","2","rapidjson-1.9.5","2026-09-02T15:36:43.8284120Z","2026-09-02T15:36:45.0182005Z","1189.788","42475520","13","0","standard-only","0"
"measured","35","1035","1","rapidjson-1.9.5","2026-09-02T15:36:45.3188018Z","2026-09-02T15:36:46.4878256Z","1169.024","42393600","13","0","standard-only","0"
"measured","35","1035","2","nlohmann-2.0.0","2026-09-02T15:36:46.8128289Z","2026-09-02T15:36:48.1717360Z","1358.907","42905600","13","0","standard-only","0"
"measured","36","1036","1","nlohmann-2.0.0","2026-09-02T15:36:48.4720287Z","2026-09-02T15:36:49.8626070Z","1390.578","42848256","13","0","standard-only","0"
"measured","36","1036","2","rapidjson-1.9.5","2026-09-02T15:36:50.1597000Z","2026-09-02T15:36:51.3383438Z","1178.644","42483712","13","0","standard-only","0"
"measured","37","1037","1","rapidjson-1.9.5","2026-09-02T15:36:51.6323186Z","2026-09-02T15:36:52.8270015Z","1194.683","42561536","13","0","standard-only","0"
"measured","37","1037","2","nlohmann-2.0.0","2026-09-02T15:36:53.1466502Z","2026-09-02T15:36:54.5246420Z","1377.992","42778624","13","0","standard-only","0"
"measured","38","1038","1","nlohmann-2.0.0","2026-09-02T15:36:54.8265278Z","2026-09-02T15:36:56.3971055Z","1570.578","42893312","13","0","standard-only","0"
"measured","38","1038","2","rapidjson-1.9.5","2026-09-02T15:36:56.7077205Z","2026-09-02T15:36:58.0761424Z","1368.422","42438656","13","0","standard-only","0"
"measured","39","1039","1","rapidjson-1.9.5","2026-09-02T15:36:58.4289686Z","2026-09-02T15:36:59.6547766Z","1225.808","42389504","13","0","standard-only","0"
"measured","39","1039","2","nlohmann-2.0.0","2026-09-02T15:36:59.9768324Z","2026-09-02T15:37:01.4115439Z","1434.712","42844160","13","0","standard-only","0"
"measured","40","1040","1","nlohmann-2.0.0","2026-09-02T15:37:01.7180711Z","2026-09-02T15:37:03.0872368Z","1369.166","40554496","13","0","standard-only","0"
"measured","40","1040","2","rapidjson-1.9.5","2026-09-02T15:37:03.4363042Z","2026-09-02T15:37:04.6558111Z","1219.507","40071168","13","0","standard-only","0"
"measured","41","1041","1","rapidjson-1.9.5","2026-09-02T15:37:04.9683572Z","2026-09-02T15:37:06.1243039Z","1155.947","42549248","13","0","standard-only","0"
"measured","41","1041","2","nlohmann-2.0.0","2026-09-02T15:37:06.4552225Z","2026-09-02T15:37:07.9674097Z","1512.187","42889216","13","0","standard-only","0"
"measured","42","1042","1","nlohmann-2.0.0","2026-09-02T15:37:08.2931430Z","2026-09-02T15:37:09.7107256Z","1417.583","42967040","13","0","standard-only","0"
"measured","42","1042","2","rapidjson-1.9.5","2026-09-02T15:37:10.0483119Z","2026-09-02T15:37:11.2898741Z","1241.562","42418176","13","0","standard-only","0"
"measured","43","1043","1","rapidjson-1.9.5","2026-09-02T15:37:11.6001214Z","2026-09-02T15:37:12.8209283Z","1220.807","42553344","13","0","standard-only","0"
"measured","43","1043","2","nlohmann-2.0.0","2026-09-02T15:37:13.1496454Z","2026-09-02T15:37:14.5808156Z","1431.17","42921984","13","0","standard-only","0"
"measured","44","1044","1","nlohmann-2.0.0","2026-09-02T15:37:14.9011446Z","2026-09-02T15:37:16.2957015Z","1394.557","42852352","13","0","standard-only","0"
"measured","44","1044","2","rapidjson-1.9.5","2026-09-02T15:37:16.6091841Z","2026-09-02T15:37:17.8706110Z","1261.427","42516480","13","0","standard-only","0"
"measured","45","1045","1","rapidjson-1.9.5","2026-09-02T15:37:18.1825604Z","2026-09-02T15:37:19.3816448Z","1199.084","39837696","13","0","standard-only","0"
"measured","45","1045","2","nlohmann-2.0.0","2026-09-02T15:37:19.7138489Z","2026-09-02T15:37:21.1373560Z","1423.507","40267776","13","0","standard-only","0"
"measured","46","1046","1","nlohmann-2.0.0","2026-09-02T15:37:21.4431260Z","2026-09-02T15:37:22.7991580Z","1356.032","42934272","13","0","standard-only","0"
"measured","46","1046","2","rapidjson-1.9.5","2026-09-02T15:37:23.1030952Z","2026-09-02T15:37:24.2786566Z","1175.561","42500096","13","0","standard-only","0"
"measured","47","1047","1","rapidjson-1.9.5","2026-09-02T15:37:24.5967952Z","2026-09-02T15:37:25.7632681Z","1166.473","42463232","13","0","standard-only","0"
"measured","47","1047","2","nlohmann-2.0.0","2026-09-02T15:37:26.0911089Z","2026-09-02T15:37:27.5100928Z","1418.984","43024384","13","0","standard-only","0"
"measured","48","1048","1","nlohmann-2.0.0","2026-09-02T15:37:27.8012963Z","2026-09-02T15:37:29.1839540Z","1382.658","42967040","13","0","standard-only","0"
"measured","48","1048","2","rapidjson-1.9.5","2026-09-02T15:37:29.5555772Z","2026-09-02T15:37:30.8100281Z","1254.451","42479616","13","0","standard-only","0"
"measured","49","1049","1","rapidjson-1.9.5","2026-09-02T15:37:31.3434636Z","2026-09-02T15:37:32.5482247Z","1204.761","42524672","13","0","standard-only","0"
"measured","49","1049","2","nlohmann-2.0.0","2026-09-02T15:37:32.8417434Z","2026-09-02T15:37:34.2002329Z","1358.49","42909696","13","0","standard-only","0"
"measured","50","1050","1","nlohmann-2.0.0","2026-09-02T15:37:34.5042395Z","2026-09-02T15:37:35.8631876Z","1358.948","42786816","13","0","standard-only","0"
"measured","50","1050","2","rapidjson-1.9.5","2026-09-02T15:37:36.1895897Z","2026-09-02T15:37:37.4006942Z","1211.104","42434560","13","0","standard-only","0"
"measured","51","1051","1","rapidjson-1.9.5","2026-09-02T15:37:37.7002088Z","2026-09-02T15:37:38.8525629Z","1152.354","42356736","13","0","standard-only","0"
"measured","51","1051","2","nlohmann-2.0.0","2026-09-02T15:37:39.1626051Z","2026-09-02T15:37:40.5062325Z","1343.627","42766336","13","0","standard-only","0"
"measured","52","1052","1","nlohmann-2.0.0","2026-09-02T15:37:40.8188395Z","2026-09-02T15:37:42.1716254Z","1352.786","42967040","13","0","standard-only","0"
"measured","52","1052","2","rapidjson-1.9.5","2026-09-02T15:37:42.4716276Z","2026-09-02T15:37:43.6576790Z","1186.051","42504192","13","0","standard-only","0"
"measured","53","1053","1","rapidjson-1.9.5","2026-09-02T15:37:43.9553892Z","2026-09-02T15:37:45.1490862Z","1193.697","42504192","13","0","standard-only","0"
"measured","53","1053","2","nlohmann-2.0.0","2026-09-02T15:37:45.4596087Z","2026-09-02T15:37:46.8425090Z","1382.9","42766336","13","0","standard-only","0"
"measured","54","1054","1","nlohmann-2.0.0","2026-09-02T15:37:47.1452904Z","2026-09-02T15:37:48.4848414Z","1339.551","42913792","13","0","standard-only","0"
"measured","54","1054","2","rapidjson-1.9.5","2026-09-02T15:37:48.7901438Z","2026-09-02T15:37:50.0134160Z","1223.272","42549248","13","0","standard-only","0"
"measured","55","1055","1","rapidjson-1.9.5","2026-09-02T15:37:50.3343124Z","2026-09-02T15:37:51.5184575Z","1184.145","42389504","13","0","standard-only","0"
"measured","55","1055","2","nlohmann-2.0.0","2026-09-02T15:37:51.8220455Z","2026-09-02T15:37:53.1864664Z","1364.421","42766336","13","0","standard-only","0"
"measured","56","1056","1","nlohmann-2.0.0","2026-09-02T15:37:53.4822599Z","2026-09-02T15:37:54.7919040Z","1309.644","40431616","13","0","standard-only","0"
"measured","56","1056","2","rapidjson-1.9.5","2026-09-02T15:37:55.1032022Z","2026-09-02T15:37:56.2670623Z","1163.86","40005632","13","0","standard-only","0"
"measured","57","1057","1","rapidjson-1.9.5","2026-09-02T15:37:56.5812175Z","2026-09-02T15:37:57.7782867Z","1197.069","42504192","13","0","standard-only","0"
"measured","57","1057","2","nlohmann-2.0.0","2026-09-02T15:37:58.0848453Z","2026-09-02T15:37:59.4635249Z","1378.68","42962944","13","0","standard-only","0"
"measured","58","1058","1","nlohmann-2.0.0","2026-09-02T15:37:59.7821887Z","2026-09-02T15:38:01.2475608Z","1465.372","42930176","13","0","standard-only","0"
"measured","58","1058","2","rapidjson-1.9.5","2026-09-02T15:38:01.5456149Z","2026-09-02T15:38:02.8207053Z","1275.09","42536960","13","0","standard-only","0"
"measured","59","1059","1","rapidjson-1.9.5","2026-09-02T15:38:03.1314711Z","2026-09-02T15:38:04.3628562Z","1231.385","42463232","13","0","standard-only","0"
"measured","59","1059","2","nlohmann-2.0.0","2026-09-02T15:38:04.6871152Z","2026-09-02T15:38:06.0333558Z","1346.241","42831872","13","0","standard-only","0"
"measured","60","1060","1","nlohmann-2.0.0","2026-09-02T15:38:06.3752044Z","2026-09-02T15:38:07.7289554Z","1353.751","42799104","13","0","standard-only","0"
"measured","60","1060","2","rapidjson-1.9.5","2026-09-02T15:38:08.0344217Z","2026-09-02T15:38:09.2294185Z","1194.997","42381312","13","0","standard-only","0"
"measured","61","1061","1","rapidjson-1.9.5","2026-09-02T15:38:09.5388957Z","2026-09-02T15:38:10.7016331Z","1162.737","42475520","13","0","standard-only","0"
"measured","61","1061","2","nlohmann-2.0.0","2026-09-02T15:38:11.0011094Z","2026-09-02T15:38:12.3621778Z","1361.068","42872832","13","0","standard-only","0"
"measured","62","1062","1","nlohmann-2.0.0","2026-09-02T15:38:12.6801529Z","2026-09-02T15:38:14.0396250Z","1359.472","42868736","13","0","standard-only","0"
"measured","62","1062","2","rapidjson-1.9.5","2026-09-02T15:38:14.3418700Z","2026-09-02T15:38:15.5140215Z","1172.152","43114496","13","0","standard-only","0"
"measured","63","1063","1","rapidjson-1.9.5","2026-09-02T15:38:15.8579861Z","2026-09-02T15:38:17.0259356Z","1167.95","42569728","13","0","standard-only","0"
"measured","63","1063","2","nlohmann-2.0.0","2026-09-02T15:38:17.3300952Z","2026-09-02T15:38:18.7005753Z","1370.48","42868736","13","0","standard-only","0"
"measured","64","1064","1","nlohmann-2.0.0","2026-09-02T15:38:18.9987165Z","2026-09-02T15:38:20.3294990Z","1330.782","42803200","13","0","standard-only","0"
"measured","64","1064","2","rapidjson-1.9.5","2026-09-02T15:38:20.6408934Z","2026-09-02T15:38:21.8242634Z","1183.37","42418176","13","0","standard-only","0"
"measured","65","1065","1","rapidjson-1.9.5","2026-09-02T15:38:22.1306935Z","2026-09-02T15:38:23.2909022Z","1160.209","42586112","13","0","standard-only","0"
"measured","65","1065","2","nlohmann-2.0.0","2026-09-02T15:38:23.6048321Z","2026-09-02T15:38:24.9521856Z","1347.354","42893312","13","0","standard-only","0"
"measured","66","1066","1","nlohmann-2.0.0","2026-09-02T15:38:25.2479195Z","2026-09-02T15:38:26.5845191Z","1336.6","42762240","13","0","standard-only","0"
"measured","66","1066","2","rapidjson-1.9.5","2026-09-02T15:38:26.8936123Z","2026-09-02T15:38:28.1006665Z","1207.054","42307584","13","0","standard-only","0"
"measured","67","1067","1","rapidjson-1.9.5","2026-09-02T15:38:28.4235992Z","2026-09-02T15:38:29.5892303Z","1165.631","42569728","13","0","standard-only","0"
"measured","67","1067","2","nlohmann-2.0.0","2026-09-02T15:38:30.0662049Z","2026-09-02T15:38:31.7276986Z","1661.494","42979328","13","0","standard-only","0"
"measured","68","1068","1","nlohmann-2.0.0","2026-09-02T15:38:32.0495865Z","2026-09-02T15:38:33.4095803Z","1359.994","40484864","13","0","standard-only","0"
"measured","68","1068","2","rapidjson-1.9.5","2026-09-02T15:38:33.7143575Z","2026-09-02T15:38:34.9925452Z","1278.188","39997440","13","0","standard-only","0"
"measured","69","1069","1","rapidjson-1.9.5","2026-09-02T15:38:35.3035230Z","2026-09-02T15:38:36.5390235Z","1235.5","42405888","13","0","standard-only","0"
"measured","69","1069","2","nlohmann-2.0.0","2026-09-02T15:38:36.8537406Z","2026-09-02T15:38:38.2218732Z","1368.133","42835968","13","0","standard-only","0"
"measured","70","1070","1","nlohmann-2.0.0","2026-09-02T15:38:38.5213698Z","2026-09-02T15:38:39.8905515Z","1369.182","42872832","13","0","standard-only","0"
"measured","70","1070","2","rapidjson-1.9.5","2026-09-02T15:38:40.2180938Z","2026-09-02T15:38:41.4365018Z","1218.408","42479616","13","0","standard-only","0"
"measured","71","1071","1","rapidjson-1.9.5","2026-09-02T15:38:41.7513911Z","2026-09-02T15:38:42.9181659Z","1166.775","42549248","13","0","standard-only","0"
"measured","71","1071","2","nlohmann-2.0.0","2026-09-02T15:38:43.2444984Z","2026-09-02T15:38:44.6160786Z","1371.58","42819584","13","0","standard-only","0"
"measured","72","1072","1","nlohmann-2.0.0","2026-09-02T15:38:44.9466169Z","2026-09-02T15:38:46.3091545Z","1362.538","42856448","13","0","standard-only","0"
"measured","72","1072","2","rapidjson-1.9.5","2026-09-02T15:38:46.7164199Z","2026-09-02T15:38:47.9121241Z","1195.704","42467328","13","0","standard-only","0"
"measured","73","1073","1","rapidjson-1.9.5","2026-09-02T15:38:48.2375025Z","2026-09-02T15:38:49.4275693Z","1190.067","42455040","13","0","standard-only","0"
"measured","73","1073","2","nlohmann-2.0.0","2026-09-02T15:38:49.7352203Z","2026-09-02T15:38:51.1244785Z","1389.258","42897408","13","0","standard-only","0"
"measured","74","1074","1","nlohmann-2.0.0","2026-09-02T15:38:51.4293091Z","2026-09-02T15:38:52.7783153Z","1349.006","42713088","13","0","standard-only","0"
"measured","74","1074","2","rapidjson-1.9.5","2026-09-02T15:38:53.0931836Z","2026-09-02T15:38:54.2588801Z","1165.696","42373120","13","0","standard-only","0"
"measured","75","1075","1","rapidjson-1.9.5","2026-09-02T15:38:54.5594039Z","2026-09-02T15:38:55.7458247Z","1186.421","42520576","13","0","standard-only","0"
"measured","75","1075","2","nlohmann-2.0.0","2026-09-02T15:38:56.0500658Z","2026-09-02T15:38:57.4250671Z","1375.001","42893312","13","0","standard-only","0"
"measured","76","1076","1","nlohmann-2.0.0","2026-09-02T15:38:57.7348151Z","2026-09-02T15:38:59.0530848Z","1318.27","40468480","13","0","standard-only","0"
"measured","76","1076","2","rapidjson-1.9.5","2026-09-02T15:38:59.3591072Z","2026-09-02T15:39:00.5565218Z","1197.415","39993344","13","0","standard-only","0"
"measured","77","1077","1","rapidjson-1.9.5","2026-09-02T15:39:00.9413147Z","2026-09-02T15:39:02.0731418Z","1131.827","38318080","13","0","standard-only","0"
"measured","77","1077","2","nlohmann-2.0.0","2026-09-02T15:39:02.3636702Z","2026-09-02T15:39:03.7041363Z","1340.466","38621184","13","0","standard-only","0"
"measured","78","1078","1","nlohmann-2.0.0","2026-09-02T15:39:04.0140449Z","2026-09-02T15:39:05.3673486Z","1353.304","42962944","13","0","standard-only","0"
"measured","78","1078","2","rapidjson-1.9.5","2026-09-02T15:39:05.6672580Z","2026-09-02T15:39:06.8523913Z","1185.133","42471424","13","0","standard-only","0"
"measured","79","1079","1","rapidjson-1.9.5","2026-09-02T15:39:07.1559479Z","2026-09-02T15:39:08.3636693Z","1207.721","42455040","13","0","standard-only","0"
"measured","79","1079","2","nlohmann-2.0.0","2026-09-02T15:39:08.6565319Z","2026-09-02T15:39:10.0552425Z","1398.711","42840064","13","0","standard-only","0"
"measured","80","1080","1","nlohmann-2.0.0","2026-09-02T15:39:10.3655671Z","2026-09-02T15:39:11.6763172Z","1310.75","42987520","13","0","standard-only","0"
"measured","80","1080","2","rapidjson-1.9.5","2026-09-02T15:39:11.9735885Z","2026-09-02T15:39:13.1614597Z","1187.871","42565632","13","0","standard-only","0"
"measured","81","1081","1","rapidjson-1.9.5","2026-09-02T15:39:13.5053298Z","2026-09-02T15:39:14.6771510Z","1171.821","42201088","13","0","standard-only","0"
"measured","81","1081","2","nlohmann-2.0.0","2026-09-02T15:39:14.9899339Z","2026-09-02T15:39:16.3510870Z","1361.153","42536960","13","0","standard-only","0"
"measured","82","1082","1","nlohmann-2.0.0","2026-09-02T15:39:16.6499727Z","2026-09-02T15:39:18.0656458Z","1415.673","42938368","13","0","standard-only","0"
"measured","82","1082","2","rapidjson-1.9.5","2026-09-02T15:39:18.3651686Z","2026-09-02T15:39:19.5529965Z","1187.828","42549248","13","0","standard-only","0"
"measured","83","1083","1","rapidjson-1.9.5","2026-09-02T15:39:19.8644293Z","2026-09-02T15:39:21.0832761Z","1218.847","42557440","13","0","standard-only","0"
"measured","83","1083","2","nlohmann-2.0.0","2026-09-02T15:39:21.3928313Z","2026-09-02T15:39:22.7768250Z","1383.994","42967040","13","0","standard-only","0"
"measured","84","1084","1","nlohmann-2.0.0","2026-09-02T15:39:23.0705521Z","2026-09-02T15:39:24.3877129Z","1317.161","42786816","13","0","standard-only","0"
"measured","84","1084","2","rapidjson-1.9.5","2026-09-02T15:39:24.6917784Z","2026-09-02T15:39:25.8847715Z","1192.993","42414080","13","0","standard-only","0"
"measured","85","1085","1","rapidjson-1.9.5","2026-09-02T15:39:26.1873023Z","2026-09-02T15:39:27.3268137Z","1139.511","42430464","13","0","standard-only","0"
"measured","85","1085","2","nlohmann-2.0.0","2026-09-02T15:39:27.6378575Z","2026-09-02T15:39:28.9852720Z","1347.414","42913792","13","0","standard-only","0"
"measured","86","1086","1","nlohmann-2.0.0","2026-09-02T15:39:29.3115342Z","2026-09-02T15:39:30.6495305Z","1337.996","42823680","13","0","standard-only","0"
"measured","86","1086","2","rapidjson-1.9.5","2026-09-02T15:39:30.9855562Z","2026-09-02T15:39:32.1859998Z","1200.444","42418176","13","0","standard-only","0"
"measured","87","1087","1","rapidjson-1.9.5","2026-09-02T15:39:32.4818492Z","2026-09-02T15:39:33.6871476Z","1205.298","42397696","13","0","standard-only","0"
"measured","87","1087","2","nlohmann-2.0.0","2026-09-02T15:39:33.9830901Z","2026-09-02T15:39:35.3363996Z","1353.31","42811392","13","0","standard-only","0"
"measured","88","1088","1","nlohmann-2.0.0","2026-09-02T15:39:35.6544621Z","2026-09-02T15:39:36.9726495Z","1318.187","42844160","13","0","standard-only","0"
"measured","88","1088","2","rapidjson-1.9.5","2026-09-02T15:39:37.2764202Z","2026-09-02T15:39:38.4421709Z","1165.751","42516480","13","0","standard-only","0"
"measured","89","1089","1","rapidjson-1.9.5","2026-09-02T15:39:38.7516477Z","2026-09-02T15:39:39.9065498Z","1154.902","42508288","13","0","standard-only","0"
"measured","89","1089","2","nlohmann-2.0.0","2026-09-02T15:39:40.2080604Z","2026-09-02T15:39:41.6029074Z","1394.847","42909696","13","0","standard-only","0"
"measured","90","1090","1","nlohmann-2.0.0","2026-09-02T15:39:41.9048274Z","2026-09-02T15:39:43.2261245Z","1321.297","42840064","13","0","standard-only","0"
"measured","90","1090","2","rapidjson-1.9.5","2026-09-02T15:39:43.5217143Z","2026-09-02T15:39:44.7430956Z","1221.381","42496000","13","0","standard-only","0"
"measured","91","1091","1","rapidjson-1.9.5","2026-09-02T15:39:45.0804018Z","2026-09-02T15:39:46.2303952Z","1149.993","42512384","13","0","standard-only","0"
"measured","91","1091","2","nlohmann-2.0.0","2026-09-02T15:39:46.5404583Z","2026-09-02T15:39:47.8968307Z","1356.372","42860544","13","0","standard-only","0"
"measured","92","1092","1","nlohmann-2.0.0","2026-09-02T15:39:48.1963750Z","2026-09-02T15:39:49.5409645Z","1344.59","42856448","13","0","standard-only","0"
"measured","92","1092","2","rapidjson-1.9.5","2026-09-02T15:39:49.8759078Z","2026-09-02T15:39:51.0246785Z","1148.771","42491904","13","0","standard-only","0"
"measured","93","1093","1","rapidjson-1.9.5","2026-09-02T15:39:51.3326027Z","2026-09-02T15:39:52.4975171Z","1164.914","42500096","13","0","standard-only","0"
"measured","93","1093","2","nlohmann-2.0.0","2026-09-02T15:39:52.8206784Z","2026-09-02T15:39:54.1657856Z","1345.107","42876928","13","0","standard-only","0"
"measured","94","1094","1","nlohmann-2.0.0","2026-09-02T15:39:54.4632518Z","2026-09-02T15:39:55.8105791Z","1347.327","40534016","13","0","standard-only","0"
"measured","94","1094","2","rapidjson-1.9.5","2026-09-02T15:39:56.1145683Z","2026-09-02T15:39:57.2907021Z","1176.134","40108032","13","0","standard-only","0"
"measured","95","1095","1","rapidjson-1.9.5","2026-09-02T15:39:57.5973773Z","2026-09-02T15:39:58.7419153Z","1144.538","40026112","13","0","standard-only","0"
"measured","95","1095","2","nlohmann-2.0.0","2026-09-02T15:39:59.1998463Z","2026-09-02T15:40:00.5680706Z","1368.224","40452096","13","0","standard-only","0"
"measured","96","1096","1","nlohmann-2.0.0","2026-09-02T15:40:00.8715143Z","2026-09-02T15:40:02.2439937Z","1372.479","42889216","13","0","standard-only","0"
"measured","96","1096","2","rapidjson-1.9.5","2026-09-02T15:40:02.5543364Z","2026-09-02T15:40:03.7435987Z","1189.262","42508288","13","0","standard-only","0"
"measured","97","1097","1","rapidjson-1.9.5","2026-09-02T15:40:04.0550175Z","2026-09-02T15:40:05.1919784Z","1136.961","42438656","13","0","standard-only","0"
"measured","97","1097","2","nlohmann-2.0.0","2026-09-02T15:40:05.5025803Z","2026-09-02T15:40:06.8454668Z","1342.886","42819584","13","0","standard-only","0"
"measured","98","1098","1","nlohmann-2.0.0","2026-09-02T15:40:07.1476628Z","2026-09-02T15:40:08.5120768Z","1364.414","42876928","13","0","standard-only","0"
"measured","98","1098","2","rapidjson-1.9.5","2026-09-02T15:40:08.8231938Z","2026-09-02T15:40:09.9903187Z","1167.125","42442752","13","0","standard-only","0"
"measured","99","1099","1","rapidjson-1.9.5","2026-09-02T15:40:10.2944094Z","2026-09-02T15:40:11.4510146Z","1156.605","42590208","13","0","standard-only","0"
"measured","99","1099","2","nlohmann-2.0.0","2026-09-02T15:40:11.7549262Z","2026-09-02T15:40:13.1498514Z","1394.925","42823680","13","0","standard-only","0"
"measured","100","1100","1","nlohmann-2.0.0","2026-09-02T15:40:13.4676842Z","2026-09-02T15:40:14.7824040Z","1314.72","42954752","13","0","standard-only","0"
"measured","100","1100","2","rapidjson-1.9.5","2026-09-02T15:40:15.0840747Z","2026-09-02T15:40:16.2451314Z","1161.057","42471424","13","0","standard-only","0"
