"phase","cycle","order_seed","first","second","active_case_count","active_cases"
"warmup","1","101","rapidjson-1.9.5","nlohmann-2.0.0","16","Box-gltf;Box-glb;Avocado-gltf;Avocado-glb;MorphStressTest-glb;SpecularTest-glb;EmissiveStrengthTest-glb;SimpleInstancing-glb;XmpMetadataRoundedCube-glb;TextureTransformMultiTest-glb;IridescenceSuzanne-glb;SheenTestGrid-glb;MaterialsVariantsShoe-glb;ABeautifulGame-glb;ABeautifulGame-draco-glb;NodePerformanceTest-glb"
"warmup","2","102","nlohmann-2.0.0","rapidjson-1.9.5","16","Box-gltf;Box-glb;Avocado-gltf;Avocado-glb;MorphStressTest-glb;SpecularTest-glb;EmissiveStrengthTest-glb;SimpleInstancing-glb;XmpMetadataRoundedCube-glb;TextureTransformMultiTest-glb;IridescenceSuzanne-glb;SheenTestGrid-glb;MaterialsVariantsShoe-glb;ABeautifulGame-glb;ABeautifulGame-draco-glb;NodePerformanceTest-glb"
"warmup","3","103","rapidjson-1.9.5","nlohmann-2.0.0","16","Box-gltf;Box-glb;Avocado-gltf;Avocado-glb;MorphStressTest-glb;SpecularTest-glb;EmissiveStrengthTest-glb;SimpleInstancing-glb;XmpMetadataRoundedCube-glb;TextureTransformMultiTest-glb;IridescenceSuzanne-glb;SheenTestGrid-glb;MaterialsVariantsShoe-glb;ABeautifulGame-glb;ABeautifulGame-draco-glb;NodePerformanceTest-glb"
"warmup","4","104","nlohmann-2.0.0","rapidjson-1.9.5","16","Box-gltf;Box-glb;Avocado-gltf;Avocado-glb;MorphStressTest-glb;SpecularTest-glb;EmissiveStrengthTest-glb;SimpleInstancing-glb;XmpMetadataRoundedCube-glb;TextureTransformMultiTest-glb;IridescenceSuzanne-glb;SheenTestGrid-glb;MaterialsVariantsShoe-glb;ABeautifulGame-glb;ABeautifulGame-draco-glb;NodePerformanceTest-glb"
"warmup","5","105","rapidjson-1.9.5","nlohmann-2.0.0","16","Box-gltf;Box-glb;Avocado-gltf;Avocado-glb;MorphStressTest-glb;SpecularTest-glb;EmissiveStrengthTest-glb;SimpleInstancing-glb;XmpMetadataRoundedCube-glb;TextureTransformMultiTest-glb;IridescenceSuzanne-glb;SheenTestGrid-glb;MaterialsVariantsShoe-glb;ABeautifulGame-glb;ABeautifulGame-draco-glb;NodePerformanceTest-glb"
"measured","1","1001","rapidjson-1.9.5","nlohmann-2.0.0","16","Box-gltf;Box-glb;Avocado-gltf;Avocado-glb;MorphStressTest-glb;SpecularTest-glb;EmissiveStrengthTest-glb;SimpleInstancing-glb;XmpMetadataRoundedCube-glb;TextureTransformMultiTest-glb;IridescenceSuzanne-glb;SheenTestGrid-glb;MaterialsVariantsShoe-glb;ABeautifulGame-glb;ABeautifulGame-draco-glb;NodePerformanceTest-glb"
"measured","2","1002","nlohmann-2.0.0","rapidjson-1.9.5","16","Box-gltf;Box-glb;Avocado-gltf;Avocado-glb;MorphStressTest-glb;SpecularTest-glb;EmissiveStrengthTest-glb;SimpleInstancing-glb;XmpMetadataRoundedCube-glb;TextureTransformMultiTest-glb;IridescenceSuzanne-glb;SheenTestGrid-glb;MaterialsVariantsShoe-glb;ABeautifulGame-glb;ABeautifulGame-draco-glb;NodePerformanceTest-glb"
"measured","3","1003","rapidjson-1.9.5","nlohmann-2.0.0","16","Box-gltf;Box-glb;Avocado-gltf;Avocado-glb;MorphStressTest-glb;SpecularTest-glb;EmissiveStrengthTest-glb;SimpleInstancing-glb;XmpMetadataRoundedCube-glb;TextureTransformMultiTest-glb;IridescenceSuzanne-glb;SheenTestGrid-glb;MaterialsVariantsShoe-glb;ABeautifulGame-glb;ABeautifulGame-draco-glb;NodePerformanceTest-glb"
"measured","4","1004","nlohmann-2.0.0","rapidjson-1.9.5","16","Box-gltf;Box-glb;Avocado-gltf;Avocado-glb;MorphStressTest-glb;SpecularTest-glb;EmissiveStrengthTest-glb;SimpleInstancing-glb;XmpMetadataRoundedCube-glb;TextureTransformMultiTest-glb;IridescenceSuzanne-glb;SheenTestGrid-glb;MaterialsVariantsShoe-glb;ABeautifulGame-glb;ABeautifulGame-draco-glb;NodePerformanceTest-glb"
"measured","5","1005","rapidjson-1.9.5","nlohmann-2.0.0","16","Box-gltf;Box-glb;Avocado-gltf;Avocado-glb;MorphStressTest-glb;SpecularTest-glb;EmissiveStrengthTest-glb;SimpleInstancing-glb;XmpMetadataRoundedCube-glb;TextureTransformMultiTest-glb;IridescenceSuzanne-glb;SheenTestGrid-glb;MaterialsVariantsShoe-glb;ABeautifulGame-glb;ABeautifulGame-draco-glb;NodePerformanceTest-glb"
"measured","6","1006","nlohmann-2.0.0","rapidjson-1.9.5","16","Box-gltf;Box-glb;Avocado-gltf;Avocado-glb;MorphStressTest-glb;SpecularTest-glb;EmissiveStrengthTest-glb;SimpleInstancing-glb;XmpMetadataRoundedCube-glb;TextureTransformMultiTest-glb;IridescenceSuzanne-glb;SheenTestGrid-glb;MaterialsVariantsShoe-glb;ABeautifulGame-glb;ABeautifulGame-draco-glb;NodePerformanceTest-glb"
"measured","7","1007","rapidjson-1.9.5","nlohmann-2.0.0","16","Box-gltf;Box-glb;Avocado-gltf;Avocado-glb;MorphStressTest-glb;SpecularTest-glb;EmissiveStrengthTest-glb;SimpleInstancing-glb;XmpMetadataRoundedCube-glb;TextureTransformMultiTest-glb;IridescenceSuzanne-glb;SheenTestGrid-glb;MaterialsVariantsShoe-glb;ABeautifulGame-glb;ABeautifulGame-draco-glb;NodePerformanceTest-glb"
"measured","8","1008","nlohmann-2.0.0","rapidjson-1.9.5","16","Box-gltf;Box-glb;Avocado-gltf;Avocado-glb;MorphStressTest-glb;SpecularTest-glb;EmissiveStrengthTest-glb;SimpleInstancing-glb;XmpMetadataRoundedCube-glb;TextureTransformMultiTest-glb;IridescenceSuzanne-glb;SheenTestGrid-glb;MaterialsVariantsShoe-glb;ABeautifulGame-glb;ABeautifulGame-draco-glb;NodePerformanceTest-glb"
"measured","9","1009","rapidjson-1.9.5","nlohmann-2.0.0","16","Box-gltf;Box-glb;Avocado-gltf;Avocado-glb;MorphStressTest-glb;SpecularTest-glb;EmissiveStrengthTest-glb;SimpleInstancing-glb;XmpMetadataRoundedCube-glb;TextureTransformMultiTest-glb;IridescenceSuzanne-glb;SheenTestGrid-glb;MaterialsVariantsShoe-glb;ABeautifulGame-glb;ABeautifulGame-draco-glb;NodePerformanceTest-glb"
"measured","10","1010","nlohmann-2.0.0","rapidjson-1.9.5","16","Box-gltf;Box-glb;Avocado-gltf;Avocado-glb;MorphStressTest-glb;SpecularTest-glb;EmissiveStrengthTest-glb;SimpleInstancing-glb;XmpMetadataRoundedCube-glb;TextureTransformMultiTest-glb;IridescenceSuzanne-glb;SheenTestGrid-glb;MaterialsVariantsShoe-glb;ABeautifulGame-glb;ABeautifulGame-draco-glb;NodePerformanceTest-glb"
"measured","11","1011","rapidjson-1.9.5","nlohmann-2.0.0","16","Box-gltf;Box-glb;Avocado-gltf;Avocado-glb;MorphStressTest-glb;SpecularTest-glb;EmissiveStrengthTest-glb;SimpleInstancing-glb;XmpMetadataRoundedCube-glb;TextureTransformMultiTest-glb;IridescenceSuzanne-glb;SheenTestGrid-glb;MaterialsVariantsShoe-glb;ABeautifulGame-glb;ABeautifulGame-draco-glb;NodePerformanceTest-glb"
"measured","12","1012","nlohmann-2.0.0","rapidjson-1.9.5","16","Box-gltf;Box-glb;Avocado-gltf;Avocado-glb;MorphStressTest-glb;SpecularTest-glb;EmissiveStrengthTest-glb;SimpleInstancing-glb;XmpMetadataRoundedCube-glb;TextureTransformMultiTest-glb;IridescenceSuzanne-glb;SheenTestGrid-glb;MaterialsVariantsShoe-glb;ABeautifulGame-glb;ABeautifulGame-draco-glb;NodePerformanceTest-glb"
"measured","13","1013","rapidjson-1.9.5","nlohmann-2.0.0","16","Box-gltf;Box-glb;Avocado-gltf;Avocado-glb;MorphStressTest-glb;SpecularTest-glb;EmissiveStrengthTest-glb;SimpleInstancing-glb;XmpMetadataRoundedCube-glb;TextureTransformMultiTest-glb;IridescenceSuzanne-glb;SheenTestGrid-glb;MaterialsVariantsShoe-glb;ABeautifulGame-glb;ABeautifulGame-draco-glb;NodePerformanceTest-glb"
"measured","14","1014","nlohmann-2.0.0","rapidjson-1.9.5","16","Box-gltf;Box-glb;Avocado-gltf;Avocado-glb;MorphStressTest-glb;SpecularTest-glb;EmissiveStrengthTest-glb;SimpleInstancing-glb;XmpMetadataRoundedCube-glb;TextureTransformMultiTest-glb;IridescenceSuzanne-glb;SheenTestGrid-glb;MaterialsVariantsShoe-glb;ABeautifulGame-glb;ABeautifulGame-draco-glb;NodePerformanceTest-glb"
"measured","15","1015","rapidjson-1.9.5","nlohmann-2.0.0","16","Box-gltf;Box-glb;Avocado-gltf;Avocado-glb;MorphStressTest-glb;SpecularTest-glb;EmissiveStrengthTest-glb;SimpleInstancing-glb;XmpMetadataRoundedCube-glb;TextureTransformMultiTest-glb;IridescenceSuzanne-glb;SheenTestGrid-glb;MaterialsVariantsShoe-glb;ABeautifulGame-glb;ABeautifulGame-draco-glb;NodePerformanceTest-glb"
"measured","16","1016","nlohmann-2.0.0","rapidjson-1.9.5","16","Box-gltf;Box-glb;Avocado-gltf;Avocado-glb;MorphStressTest-glb;SpecularTest-glb;EmissiveStrengthTest-glb;SimpleInstancing-glb;XmpMetadataRoundedCube-glb;TextureTransformMultiTest-glb;IridescenceSuzanne-glb;SheenTestGrid-glb;MaterialsVariantsShoe-glb;ABeautifulGame-glb;ABeautifulGame-draco-glb;NodePerformanceTest-glb"
"measured","17","1017","rapidjson-1.9.5","nlohmann-2.0.0","16","Box-gltf;Box-glb;Avocado-gltf;Avocado-glb;MorphStressTest-glb;SpecularTest-glb;EmissiveStrengthTest-glb;SimpleInstancing-glb;XmpMetadataRoundedCube-glb;TextureTransformMultiTest-glb;IridescenceSuzanne-glb;SheenTestGrid-glb;MaterialsVariantsShoe-glb;ABeautifulGame-glb;ABeautifulGame-draco-glb;NodePerformanceTest-glb"
"measured","18","1018","nlohmann-2.0.0","rapidjson-1.9.5","16","Box-gltf;Box-glb;Avocado-gltf;Avocado-glb;MorphStressTest-glb;SpecularTest-glb;EmissiveStrengthTest-glb;SimpleInstancing-glb;XmpMetadataRoundedCube-glb;TextureTransformMultiTest-glb;IridescenceSuzanne-glb;SheenTestGrid-glb;MaterialsVariantsShoe-glb;ABeautifulGame-glb;ABeautifulGame-draco-glb;NodePerformanceTest-glb"
"measured","19","1019","rapidjson-1.9.5","nlohmann-2.0.0","16","Box-gltf;Box-glb;Avocado-gltf;Avocado-glb;MorphStressTest-glb;SpecularTest-glb;EmissiveStrengthTest-glb;SimpleInstancing-glb;XmpMetadataRoundedCube-glb;TextureTransformMultiTest-glb;IridescenceSuzanne-glb;SheenTestGrid-glb;MaterialsVariantsShoe-glb;ABeautifulGame-glb;ABeautifulGame-draco-glb;NodePerformanceTest-glb"
"measured","20","1020","nlohmann-2.0.0","rapidjson-1.9.5","16","Box-gltf;Box-glb;Avocado-gltf;Avocado-glb;MorphStressTest-glb;SpecularTest-glb;EmissiveStrengthTest-glb;SimpleInstancing-glb;XmpMetadataRoundedCube-glb;TextureTransformMultiTest-glb;IridescenceSuzanne-glb;SheenTestGrid-glb;MaterialsVariantsShoe-glb;ABeautifulGame-glb;ABeautifulGame-draco-glb;NodePerformanceTest-glb"
"measured","21","1021","rapidjson-1.9.5","nlohmann-2.0.0","16","Box-gltf;Box-glb;Avocado-gltf;Avocado-glb;MorphStressTest-glb;SpecularTest-glb;EmissiveStrengthTest-glb;SimpleInstancing-glb;XmpMetadataRoundedCube-glb;TextureTransformMultiTest-glb;IridescenceSuzanne-glb;SheenTestGrid-glb;MaterialsVariantsShoe-glb;ABeautifulGame-glb;ABeautifulGame-draco-glb;NodePerformanceTest-glb"
"measured","22","1022","nlohmann-2.0.0","rapidjson-1.9.5","16","Box-gltf;Box-glb;Avocado-gltf;Avocado-glb;MorphStressTest-glb;SpecularTest-glb;EmissiveStrengthTest-glb;SimpleInstancing-glb;XmpMetadataRoundedCube-glb;TextureTransformMultiTest-glb;IridescenceSuzanne-glb;SheenTestGrid-glb;MaterialsVariantsShoe-glb;ABeautifulGame-glb;ABeautifulGame-draco-glb;NodePerformanceTest-glb"
"measured","23","1023","rapidjson-1.9.5","nlohmann-2.0.0","16","Box-gltf;Box-glb;Avocado-gltf;Avocado-glb;MorphStressTest-glb;SpecularTest-glb;EmissiveStrengthTest-glb;SimpleInstancing-glb;XmpMetadataRoundedCube-glb;TextureTransformMultiTest-glb;IridescenceSuzanne-glb;SheenTestGrid-glb;MaterialsVariantsShoe-glb;ABeautifulGame-glb;ABeautifulGame-draco-glb;NodePerformanceTest-glb"
"measured","24","1024","nlohmann-2.0.0","rapidjson-1.9.5","16","Box-gltf;Box-glb;Avocado-gltf;Avocado-glb;MorphStressTest-glb;SpecularTest-glb;EmissiveStrengthTest-glb;SimpleInstancing-glb;XmpMetadataRoundedCube-glb;TextureTransformMultiTest-glb;IridescenceSuzanne-glb;SheenTestGrid-glb;MaterialsVariantsShoe-glb;ABeautifulGame-glb;ABeautifulGame-draco-glb;NodePerformanceTest-glb"
"measured","25","1025","rapidjson-1.9.5","nlohmann-2.0.0","16","Box-gltf;Box-glb;Avocado-gltf;Avocado-glb;MorphStressTest-glb;SpecularTest-glb;EmissiveStrengthTest-glb;SimpleInstancing-glb;XmpMetadataRoundedCube-glb;TextureTransformMultiTest-glb;IridescenceSuzanne-glb;SheenTestGrid-glb;MaterialsVariantsShoe-glb;ABeautifulGame-glb;ABeautifulGame-draco-glb;NodePerformanceTest-glb"
"measured","26","1026","nlohmann-2.0.0","rapidjson-1.9.5","16","Box-gltf;Box-glb;Avocado-gltf;Avocado-glb;MorphStressTest-glb;SpecularTest-glb;EmissiveStrengthTest-glb;SimpleInstancing-glb;XmpMetadataRoundedCube-glb;TextureTransformMultiTest-glb;IridescenceSuzanne-glb;SheenTestGrid-glb;MaterialsVariantsShoe-glb;ABeautifulGame-glb;ABeautifulGame-draco-glb;NodePerformanceTest-glb"
"measured","27","1027","rapidjson-1.9.5","nlohmann-2.0.0","16","Box-gltf;Box-glb;Avocado-gltf;Avocado-glb;MorphStressTest-glb;SpecularTest-glb;EmissiveStrengthTest-glb;SimpleInstancing-glb;XmpMetadataRoundedCube-glb;TextureTransformMultiTest-glb;IridescenceSuzanne-glb;SheenTestGrid-glb;MaterialsVariantsShoe-glb;ABeautifulGame-glb;ABeautifulGame-draco-glb;NodePerformanceTest-glb"
"measured","28","1028","nlohmann-2.0.0","rapidjson-1.9.5","16","Box-gltf;Box-glb;Avocado-gltf;Avocado-glb;MorphStressTest-glb;SpecularTest-glb;EmissiveStrengthTest-glb;SimpleInstancing-glb;XmpMetadataRoundedCube-glb;TextureTransformMultiTest-glb;IridescenceSuzanne-glb;SheenTestGrid-glb;MaterialsVariantsShoe-glb;ABeautifulGame-glb;ABeautifulGame-draco-glb;NodePerformanceTest-glb"
"measured","29","1029","rapidjson-1.9.5","nlohmann-2.0.0","16","Box-gltf;Box-glb;Avocado-gltf;Avocado-glb;MorphStressTest-glb;SpecularTest-glb;EmissiveStrengthTest-glb;SimpleInstancing-glb;XmpMetadataRoundedCube-glb;TextureTransformMultiTest-glb;IridescenceSuzanne-glb;SheenTestGrid-glb;MaterialsVariantsShoe-glb;ABeautifulGame-glb;ABeautifulGame-draco-glb;NodePerformanceTest-glb"
"measured","30","1030","nlohmann-2.0.0","rapidjson-1.9.5","16","Box-gltf;Box-glb;Avocado-gltf;Avocado-glb;MorphStressTest-glb;SpecularTest-glb;EmissiveStrengthTest-glb;SimpleInstancing-glb;XmpMetadataRoundedCube-glb;TextureTransformMultiTest-glb;IridescenceSuzanne-glb;SheenTestGrid-glb;MaterialsVariantsShoe-glb;ABeautifulGame-glb;ABeautifulGame-draco-glb;NodePerformanceTest-glb"
"measured","31","1031","rapidjson-1.9.5","nlohmann-2.0.0","13","Box-gltf;Box-glb;Avocado-gltf;Avocado-glb;MorphStressTest-glb;SpecularTest-glb;EmissiveStrengthTest-glb;SimpleInstancing-glb;XmpMetadataRoundedCube-glb;TextureTransformMultiTest-glb;IridescenceSuzanne-glb;SheenTestGrid-glb;MaterialsVariantsShoe-glb"
"measured","32","1032","nlohmann-2.0.0","rapidjson-1.9.5","13","Box-gltf;Box-glb;Avocado-gltf;Avocado-glb;MorphStressTest-glb;SpecularTest-glb;EmissiveStrengthTest-glb;SimpleInstancing-glb;XmpMetadataRoundedCube-glb;TextureTransformMultiTest-glb;IridescenceSuzanne-glb;SheenTestGrid-glb;MaterialsVariantsShoe-glb"
"measured","33","1033","rapidjson-1.9.5","nlohmann-2.0.0","13","Box-gltf;Box-glb;Avocado-gltf;Avocado-glb;MorphStressTest-glb;SpecularTest-glb;EmissiveStrengthTest-glb;SimpleInstancing-glb;XmpMetadataRoundedCube-glb;TextureTransformMultiTest-glb;IridescenceSuzanne-glb;SheenTestGrid-glb;MaterialsVariantsShoe-glb"
"measured","34","1034","nlohmann-2.0.0","rapidjson-1.9.5","13","Box-gltf;Box-glb;Avocado-gltf;Avocado-glb;MorphStressTest-glb;SpecularTest-glb;EmissiveStrengthTest-glb;SimpleInstancing-glb;XmpMetadataRoundedCube-glb;TextureTransformMultiTest-glb;IridescenceSuzanne-glb;SheenTestGrid-glb;MaterialsVariantsShoe-glb"
"measured","35","1035","rapidjson-1.9.5","nlohmann-2.0.0","13","Box-gltf;Box-glb;Avocado-gltf;Avocado-glb;MorphStressTest-glb;SpecularTest-glb;EmissiveStrengthTest-glb;SimpleInstancing-glb;XmpMetadataRoundedCube-glb;TextureTransformMultiTest-glb;IridescenceSuzanne-glb;SheenTestGrid-glb;MaterialsVariantsShoe-glb"
"measured","36","1036","nlohmann-2.0.0","rapidjson-1.9.5","13","Box-gltf;Box-glb;Avocado-gltf;Avocado-glb;MorphStressTest-glb;SpecularTest-glb;EmissiveStrengthTest-glb;SimpleInstancing-glb;XmpMetadataRoundedCube-glb;TextureTransformMultiTest-glb;IridescenceSuzanne-glb;SheenTestGrid-glb;MaterialsVariantsShoe-glb"
"measured","37","1037","rapidjson-1.9.5","nlohmann-2.0.0","13","Box-gltf;Box-glb;Avocado-gltf;Avocado-glb;MorphStressTest-glb;SpecularTest-glb;EmissiveStrengthTest-glb;SimpleInstancing-glb;XmpMetadataRoundedCube-glb;TextureTransformMultiTest-glb;IridescenceSuzanne-glb;SheenTestGrid-glb;MaterialsVariantsShoe-glb"
"measured","38","1038","nlohmann-2.0.0","rapidjson-1.9.5","13","Box-gltf;Box-glb;Avocado-gltf;Avocado-glb;MorphStressTest-glb;SpecularTest-glb;EmissiveStrengthTest-glb;SimpleInstancing-glb;XmpMetadataRoundedCube-glb;TextureTransformMultiTest-glb;IridescenceSuzanne-glb;SheenTestGrid-glb;MaterialsVariantsShoe-glb"
"measured","39","1039","rapidjson-1.9.5","nlohmann-2.0.0","13","Box-gltf;Box-glb;Avocado-gltf;Avocado-glb;MorphStressTest-glb;SpecularTest-glb;EmissiveStrengthTest-glb;SimpleInstancing-glb;XmpMetadataRoundedCube-glb;TextureTransformMultiTest-glb;IridescenceSuzanne-glb;SheenTestGrid-glb;MaterialsVariantsShoe-glb"
"measured","40","1040","nlohmann-2.0.0","rapidjson-1.9.5","13","Box-gltf;Box-glb;Avocado-gltf;Avocado-glb;MorphStressTest-glb;SpecularTest-glb;EmissiveStrengthTest-glb;SimpleInstancing-glb;XmpMetadataRoundedCube-glb;TextureTransformMultiTest-glb;IridescenceSuzanne-glb;SheenTestGrid-glb;MaterialsVariantsShoe-glb"
"measured","41","1041","rapidjson-1.9.5","nlohmann-2.0.0","13","Box-gltf;Box-glb;Avocado-gltf;Avocado-glb;MorphStressTest-glb;SpecularTest-glb;EmissiveStrengthTest-glb;SimpleInstancing-glb;XmpMetadataRoundedCube-glb;TextureTransformMultiTest-glb;IridescenceSuzanne-glb;SheenTestGrid-glb;MaterialsVariantsShoe-glb"
"measured","42","1042","nlohmann-2.0.0","rapidjson-1.9.5","13","Box-gltf;Box-glb;Avocado-gltf;Avocado-glb;MorphStressTest-glb;SpecularTest-glb;EmissiveStrengthTest-glb;SimpleInstancing-glb;XmpMetadataRoundedCube-glb;TextureTransformMultiTest-glb;IridescenceSuzanne-glb;SheenTestGrid-glb;MaterialsVariantsShoe-glb"
"measured","43","1043","rapidjson-1.9.5","nlohmann-2.0.0","13","Box-gltf;Box-glb;Avocado-gltf;Avocado-glb;MorphStressTest-glb;SpecularTest-glb;EmissiveStrengthTest-glb;SimpleInstancing-glb;XmpMetadataRoundedCube-glb;TextureTransformMultiTest-glb;IridescenceSuzanne-glb;SheenTestGrid-glb;MaterialsVariantsShoe-glb"
"measured","44","1044","nlohmann-2.0.0","rapidjson-1.9.5","13","Box-gltf;Box-glb;Avocado-gltf;Avocado-glb;MorphStressTest-glb;SpecularTest-glb;EmissiveStrengthTest-glb;SimpleInstancing-glb;XmpMetadataRoundedCube-glb;TextureTransformMultiTest-glb;IridescenceSuzanne-glb;SheenTestGrid-glb;MaterialsVariantsShoe-glb"
"measured","45","1045","rapidjson-1.9.5","nlohmann-2.0.0","13","Box-gltf;Box-glb;Avocado-gltf;Avocado-glb;MorphStressTest-glb;SpecularTest-glb;EmissiveStrengthTest-glb;SimpleInstancing-glb;XmpMetadataRoundedCube-glb;TextureTransformMultiTest-glb;IridescenceSuzanne-glb;SheenTestGrid-glb;MaterialsVariantsShoe-glb"
"measured","46","1046","nlohmann-2.0.0","rapidjson-1.9.5","13","Box-gltf;Box-glb;Avocado-gltf;Avocado-glb;MorphStressTest-glb;SpecularTest-glb;EmissiveStrengthTest-glb;SimpleInstancing-glb;XmpMetadataRoundedCube-glb;TextureTransformMultiTest-glb;IridescenceSuzanne-glb;SheenTestGrid-glb;MaterialsVariantsShoe-glb"
"measured","47","1047","rapidjson-1.9.5","nlohmann-2.0.0","13","Box-gltf;Box-glb;Avocado-gltf;Avocado-glb;MorphStressTest-glb;SpecularTest-glb;EmissiveStrengthTest-glb;SimpleInstancing-glb;XmpMetadataRoundedCube-glb;TextureTransformMultiTest-glb;IridescenceSuzanne-glb;SheenTestGrid-glb;MaterialsVariantsShoe-glb"
"measured","48","1048","nlohmann-2.0.0","rapidjson-1.9.5","13","Box-gltf;Box-glb;Avocado-gltf;Avocado-glb;MorphStressTest-glb;SpecularTest-glb;EmissiveStrengthTest-glb;SimpleInstancing-glb;XmpMetadataRoundedCube-glb;TextureTransformMultiTest-glb;IridescenceSuzanne-glb;SheenTestGrid-glb;MaterialsVariantsShoe-glb"
"measured","49","1049","rapidjson-1.9.5","nlohmann-2.0.0","13","Box-gltf;Box-glb;Avocado-gltf;Avocado-glb;MorphStressTest-glb;SpecularTest-glb;EmissiveStrengthTest-glb;SimpleInstancing-glb;XmpMetadataRoundedCube-glb;TextureTransformMultiTest-glb;IridescenceSuzanne-glb;SheenTestGrid-glb;MaterialsVariantsShoe-glb"
"measured","50","1050","nlohmann-2.0.0","rapidjson-1.9.5","13","Box-gltf;Box-glb;Avocado-gltf;Avocado-glb;MorphStressTest-glb;SpecularTest-glb;EmissiveStrengthTest-glb;SimpleInstancing-glb;XmpMetadataRoundedCube-glb;TextureTransformMultiTest-glb;IridescenceSuzanne-glb;SheenTestGrid-glb;MaterialsVariantsShoe-glb"
"measured","51","1051","rapidjson-1.9.5","nlohmann-2.0.0","13","Box-gltf;Box-glb;Avocado-gltf;Avocado-glb;MorphStressTest-glb;SpecularTest-glb;EmissiveStrengthTest-glb;SimpleInstancing-glb;XmpMetadataRoundedCube-glb;TextureTransformMultiTest-glb;IridescenceSuzanne-glb;SheenTestGrid-glb;MaterialsVariantsShoe-glb"
"measured","52","1052","nlohmann-2.0.0","rapidjson-1.9.5","13","Box-gltf;Box-glb;Avocado-gltf;Avocado-glb;MorphStressTest-glb;SpecularTest-glb;EmissiveStrengthTest-glb;SimpleInstancing-glb;XmpMetadataRoundedCube-glb;TextureTransformMultiTest-glb;IridescenceSuzanne-glb;SheenTestGrid-glb;MaterialsVariantsShoe-glb"
"measured","53","1053","rapidjson-1.9.5","nlohmann-2.0.0","13","Box-gltf;Box-glb;Avocado-gltf;Avocado-glb;MorphStressTest-glb;SpecularTest-glb;EmissiveStrengthTest-glb;SimpleInstancing-glb;XmpMetadataRoundedCube-glb;TextureTransformMultiTest-glb;IridescenceSuzanne-glb;SheenTestGrid-glb;MaterialsVariantsShoe-glb"
"measured","54","1054","nlohmann-2.0.0","rapidjson-1.9.5","13","Box-gltf;Box-glb;Avocado-gltf;Avocado-glb;MorphStressTest-glb;SpecularTest-glb;EmissiveStrengthTest-glb;SimpleInstancing-glb;XmpMetadataRoundedCube-glb;TextureTransformMultiTest-glb;IridescenceSuzanne-glb;SheenTestGrid-glb;MaterialsVariantsShoe-glb"
"measured","55","1055","rapidjson-1.9.5","nlohmann-2.0.0","13","Box-gltf;Box-glb;Avocado-gltf;Avocado-glb;MorphStressTest-glb;SpecularTest-glb;EmissiveStrengthTest-glb;SimpleInstancing-glb;XmpMetadataRoundedCube-glb;TextureTransformMultiTest-glb;IridescenceSuzanne-glb;SheenTestGrid-glb;MaterialsVariantsShoe-glb"
"measured","56","1056","nlohmann-2.0.0","rapidjson-1.9.5","13","Box-gltf;Box-glb;Avocado-gltf;Avocado-glb;MorphStressTest-glb;SpecularTest-glb;EmissiveStrengthTest-glb;SimpleInstancing-glb;XmpMetadataRoundedCube-glb;TextureTransformMultiTest-glb;IridescenceSuzanne-glb;SheenTestGrid-glb;MaterialsVariantsShoe-glb"
"measured","57","1057","rapidjson-1.9.5","nlohmann-2.0.0","13","Box-gltf;Box-glb;Avocado-gltf;Avocado-glb;MorphStressTest-glb;SpecularTest-glb;EmissiveStrengthTest-glb;SimpleInstancing-glb;XmpMetadataRoundedCube-glb;TextureTransformMultiTest-glb;IridescenceSuzanne-glb;SheenTestGrid-glb;MaterialsVariantsShoe-glb"
"measured","58","1058","nlohmann-2.0.0","rapidjson-1.9.5","13","Box-gltf;Box-glb;Avocado-gltf;Avocado-glb;MorphStressTest-glb;SpecularTest-glb;EmissiveStrengthTest-glb;SimpleInstancing-glb;XmpMetadataRoundedCube-glb;TextureTransformMultiTest-glb;IridescenceSuzanne-glb;SheenTestGrid-glb;MaterialsVariantsShoe-glb"
"measured","59","1059","rapidjson-1.9.5","nlohmann-2.0.0","13","Box-gltf;Box-glb;Avocado-gltf;Avocado-glb;MorphStressTest-glb;SpecularTest-glb;EmissiveStrengthTest-glb;SimpleInstancing-glb;XmpMetadataRoundedCube-glb;TextureTransformMultiTest-glb;IridescenceSuzanne-glb;SheenTestGrid-glb;MaterialsVariantsShoe-glb"
"measured","60","1060","nlohmann-2.0.0","rapidjson-1.9.5","13","Box-gltf;Box-glb;Avocado-gltf;Avocado-glb;MorphStressTest-glb;SpecularTest-glb;EmissiveStrengthTest-glb;SimpleInstancing-glb;XmpMetadataRoundedCube-glb;TextureTransformMultiTest-glb;IridescenceSuzanne-glb;SheenTestGrid-glb;MaterialsVariantsShoe-glb"
"measured","61","1061","rapidjson-1.9.5","nlohmann-2.0.0","13","Box-gltf;Box-glb;Avocado-gltf;Avocado-glb;MorphStressTest-glb;SpecularTest-glb;EmissiveStrengthTest-glb;SimpleInstancing-glb;XmpMetadataRoundedCube-glb;TextureTransformMultiTest-glb;IridescenceSuzanne-glb;SheenTestGrid-glb;MaterialsVariantsShoe-glb"
"measured","62","1062","nlohmann-2.0.0","rapidjson-1.9.5","13","Box-gltf;Box-glb;Avocado-gltf;Avocado-glb;MorphStressTest-glb;SpecularTest-glb;EmissiveStrengthTest-glb;SimpleInstancing-glb;XmpMetadataRoundedCube-glb;TextureTransformMultiTest-glb;IridescenceSuzanne-glb;SheenTestGrid-glb;MaterialsVariantsShoe-glb"
"measured","63","1063","rapidjson-1.9.5","nlohmann-2.0.0","13","Box-gltf;Box-glb;Avocado-gltf;Avocado-glb;MorphStressTest-glb;SpecularTest-glb;EmissiveStrengthTest-glb;SimpleInstancing-glb;XmpMetadataRoundedCube-glb;TextureTransformMultiTest-glb;IridescenceSuzanne-glb;SheenTestGrid-glb;MaterialsVariantsShoe-glb"
"measured","64","1064","nlohmann-2.0.0","rapidjson-1.9.5","13","Box-gltf;Box-glb;Avocado-gltf;Avocado-glb;MorphStressTest-glb;SpecularTest-glb;EmissiveStrengthTest-glb;SimpleInstancing-glb;XmpMetadataRoundedCube-glb;TextureTransformMultiTest-glb;IridescenceSuzanne-glb;SheenTestGrid-glb;MaterialsVariantsShoe-glb"
"measured","65","1065","rapidjson-1.9.5","nlohmann-2.0.0","13","Box-gltf;Box-glb;Avocado-gltf;Avocado-glb;MorphStressTest-glb;SpecularTest-glb;EmissiveStrengthTest-glb;SimpleInstancing-glb;XmpMetadataRoundedCube-glb;TextureTransformMultiTest-glb;IridescenceSuzanne-glb;SheenTestGrid-glb;MaterialsVariantsShoe-glb"
"measured","66","1066","nlohmann-2.0.0","rapidjson-1.9.5","13","Box-gltf;Box-glb;Avocado-gltf;Avocado-glb;MorphStressTest-glb;SpecularTest-glb;EmissiveStrengthTest-glb;SimpleInstancing-glb;XmpMetadataRoundedCube-glb;TextureTransformMultiTest-glb;IridescenceSuzanne-glb;SheenTestGrid-glb;MaterialsVariantsShoe-glb"
"measured","67","1067","rapidjson-1.9.5","nlohmann-2.0.0","13","Box-gltf;Box-glb;Avocado-gltf;Avocado-glb;MorphStressTest-glb;SpecularTest-glb;EmissiveStrengthTest-glb;SimpleInstancing-glb;XmpMetadataRoundedCube-glb;TextureTransformMultiTest-glb;IridescenceSuzanne-glb;SheenTestGrid-glb;MaterialsVariantsShoe-glb"
"measured","68","1068","nlohmann-2.0.0","rapidjson-1.9.5","13","Box-gltf;Box-glb;Avocado-gltf;Avocado-glb;MorphStressTest-glb;SpecularTest-glb;EmissiveStrengthTest-glb;SimpleInstancing-glb;XmpMetadataRoundedCube-glb;TextureTransformMultiTest-glb;IridescenceSuzanne-glb;SheenTestGrid-glb;MaterialsVariantsShoe-glb"
"measured","69","1069","rapidjson-1.9.5","nlohmann-2.0.0","13","Box-gltf;Box-glb;Avocado-gltf;Avocado-glb;MorphStressTest-glb;SpecularTest-glb;EmissiveStrengthTest-glb;SimpleInstancing-glb;XmpMetadataRoundedCube-glb;TextureTransformMultiTest-glb;IridescenceSuzanne-glb;SheenTestGrid-glb;MaterialsVariantsShoe-glb"
"measured","70","1070","nlohmann-2.0.0","rapidjson-1.9.5","13","Box-gltf;Box-glb;Avocado-gltf;Avocado-glb;MorphStressTest-glb;SpecularTest-glb;EmissiveStrengthTest-glb;SimpleInstancing-glb;XmpMetadataRoundedCube-glb;TextureTransformMultiTest-glb;IridescenceSuzanne-glb;SheenTestGrid-glb;MaterialsVariantsShoe-glb"
"measured","71","1071","rapidjson-1.9.5","nlohmann-2.0.0","13","Box-gltf;Box-glb;Avocado-gltf;Avocado-glb;MorphStressTest-glb;SpecularTest-glb;EmissiveStrengthTest-glb;SimpleInstancing-glb;XmpMetadataRoundedCube-glb;TextureTransformMultiTest-glb;IridescenceSuzanne-glb;SheenTestGrid-glb;MaterialsVariantsShoe-glb"
"measured","72","1072","nlohmann-2.0.0","rapidjson-1.9.5","13","Box-gltf;Box-glb;Avocado-gltf;Avocado-glb;MorphStressTest-glb;SpecularTest-glb;EmissiveStrengthTest-glb;SimpleInstancing-glb;XmpMetadataRoundedCube-glb;TextureTransformMultiTest-glb;IridescenceSuzanne-glb;SheenTestGrid-glb;MaterialsVariantsShoe-glb"
"measured","73","1073","rapidjson-1.9.5","nlohmann-2.0.0","13","Box-gltf;Box-glb;Avocado-gltf;Avocado-glb;MorphStressTest-glb;SpecularTest-glb;EmissiveStrengthTest-glb;SimpleInstancing-glb;XmpMetadataRoundedCube-glb;TextureTransformMultiTest-glb;IridescenceSuzanne-glb;SheenTestGrid-glb;MaterialsVariantsShoe-glb"
"measured","74","1074","nlohmann-2.0.0","rapidjson-1.9.5","13","Box-gltf;Box-glb;Avocado-gltf;Avocado-glb;MorphStressTest-glb;SpecularTest-glb;EmissiveStrengthTest-glb;SimpleInstancing-glb;XmpMetadataRoundedCube-glb;TextureTransformMultiTest-glb;IridescenceSuzanne-glb;SheenTestGrid-glb;MaterialsVariantsShoe-glb"
"measured","75","1075","rapidjson-1.9.5","nlohmann-2.0.0","13","Box-gltf;Box-glb;Avocado-gltf;Avocado-glb;MorphStressTest-glb;SpecularTest-glb;EmissiveStrengthTest-glb;SimpleInstancing-glb;XmpMetadataRoundedCube-glb;TextureTransformMultiTest-glb;IridescenceSuzanne-glb;SheenTestGrid-glb;MaterialsVariantsShoe-glb"
"measured","76","1076","nlohmann-2.0.0","rapidjson-1.9.5","13","Box-gltf;Box-glb;Avocado-gltf;Avocado-glb;MorphStressTest-glb;SpecularTest-glb;EmissiveStrengthTest-glb;SimpleInstancing-glb;XmpMetadataRoundedCube-glb;TextureTransformMultiTest-glb;IridescenceSuzanne-glb;SheenTestGrid-glb;MaterialsVariantsShoe-glb"
"measured","77","1077","rapidjson-1.9.5","nlohmann-2.0.0","13","Box-gltf;Box-glb;Avocado-gltf;Avocado-glb;MorphStressTest-glb;SpecularTest-glb;EmissiveStrengthTest-glb;SimpleInstancing-glb;XmpMetadataRoundedCube-glb;TextureTransformMultiTest-glb;IridescenceSuzanne-glb;SheenTestGrid-glb;MaterialsVariantsShoe-glb"
"measured","78","1078","nlohmann-2.0.0","rapidjson-1.9.5","13","Box-gltf;Box-glb;Avocado-gltf;Avocado-glb;MorphStressTest-glb;SpecularTest-glb;EmissiveStrengthTest-glb;SimpleInstancing-glb;XmpMetadataRoundedCube-glb;TextureTransformMultiTest-glb;IridescenceSuzanne-glb;SheenTestGrid-glb;MaterialsVariantsShoe-glb"
"measured","79","1079","rapidjson-1.9.5","nlohmann-2.0.0","13","Box-gltf;Box-glb;Avocado-gltf;Avocado-glb;MorphStressTest-glb;SpecularTest-glb;EmissiveStrengthTest-glb;SimpleInstancing-glb;XmpMetadataRoundedCube-glb;TextureTransformMultiTest-glb;IridescenceSuzanne-glb;SheenTestGrid-glb;MaterialsVariantsShoe-glb"
"measured","80","1080","nlohmann-2.0.0","rapidjson-1.9.5","13","Box-gltf;Box-glb;Avocado-gltf;Avocado-glb;MorphStressTest-glb;SpecularTest-glb;EmissiveStrengthTest-glb;SimpleInstancing-glb;XmpMetadataRoundedCube-glb;TextureTransformMultiTest-glb;IridescenceSuzanne-glb;SheenTestGrid-glb;MaterialsVariantsShoe-glb"
"measured","81","1081","rapidjson-1.9.5","nlohmann-2.0.0","13","Box-gltf;Box-glb;Avocado-gltf;Avocado-glb;MorphStressTest-glb;SpecularTest-glb;EmissiveStrengthTest-glb;SimpleInstancing-glb;XmpMetadataRoundedCube-glb;TextureTransformMultiTest-glb;IridescenceSuzanne-glb;SheenTestGrid-glb;MaterialsVariantsShoe-glb"
"measured","82","1082","nlohmann-2.0.0","rapidjson-1.9.5","13","Box-gltf;Box-glb;Avocado-gltf;Avocado-glb;MorphStressTest-glb;SpecularTest-glb;EmissiveStrengthTest-glb;SimpleInstancing-glb;XmpMetadataRoundedCube-glb;TextureTransformMultiTest-glb;IridescenceSuzanne-glb;SheenTestGrid-glb;MaterialsVariantsShoe-glb"
"measured","83","1083","rapidjson-1.9.5","nlohmann-2.0.0","13","Box-gltf;Box-glb;Avocado-gltf;Avocado-glb;MorphStressTest-glb;SpecularTest-glb;EmissiveStrengthTest-glb;SimpleInstancing-glb;XmpMetadataRoundedCube-glb;TextureTransformMultiTest-glb;IridescenceSuzanne-glb;SheenTestGrid-glb;MaterialsVariantsShoe-glb"
"measured","84","1084","nlohmann-2.0.0","rapidjson-1.9.5","13","Box-gltf;Box-glb;Avocado-gltf;Avocado-glb;MorphStressTest-glb;SpecularTest-glb;EmissiveStrengthTest-glb;SimpleInstancing-glb;XmpMetadataRoundedCube-glb;TextureTransformMultiTest-glb;IridescenceSuzanne-glb;SheenTestGrid-glb;MaterialsVariantsShoe-glb"
"measured","85","1085","rapidjson-1.9.5","nlohmann-2.0.0","13","Box-gltf;Box-glb;Avocado-gltf;Avocado-glb;MorphStressTest-glb;SpecularTest-glb;EmissiveStrengthTest-glb;SimpleInstancing-glb;XmpMetadataRoundedCube-glb;TextureTransformMultiTest-glb;IridescenceSuzanne-glb;SheenTestGrid-glb;MaterialsVariantsShoe-glb"
"measured","86","1086","nlohmann-2.0.0","rapidjson-1.9.5","13","Box-gltf;Box-glb;Avocado-gltf;Avocado-glb;MorphStressTest-glb;SpecularTest-glb;EmissiveStrengthTest-glb;SimpleInstancing-glb;XmpMetadataRoundedCube-glb;TextureTransformMultiTest-glb;IridescenceSuzanne-glb;SheenTestGrid-glb;MaterialsVariantsShoe-glb"
"measured","87","1087","rapidjson-1.9.5","nlohmann-2.0.0","13","Box-gltf;Box-glb;Avocado-gltf;Avocado-glb;MorphStressTest-glb;SpecularTest-glb;EmissiveStrengthTest-glb;SimpleInstancing-glb;XmpMetadataRoundedCube-glb;TextureTransformMultiTest-glb;IridescenceSuzanne-glb;SheenTestGrid-glb;MaterialsVariantsShoe-glb"
"measured","88","1088","nlohmann-2.0.0","rapidjson-1.9.5","13","Box-gltf;Box-glb;Avocado-gltf;Avocado-glb;MorphStressTest-glb;SpecularTest-glb;EmissiveStrengthTest-glb;SimpleInstancing-glb;XmpMetadataRoundedCube-glb;TextureTransformMultiTest-glb;IridescenceSuzanne-glb;SheenTestGrid-glb;MaterialsVariantsShoe-glb"
"measured","89","1089","rapidjson-1.9.5","nlohmann-2.0.0","13","Box-gltf;Box-glb;Avocado-gltf;Avocado-glb;MorphStressTest-glb;SpecularTest-glb;EmissiveStrengthTest-glb;SimpleInstancing-glb;XmpMetadataRoundedCube-glb;TextureTransformMultiTest-glb;IridescenceSuzanne-glb;SheenTestGrid-glb;MaterialsVariantsShoe-glb"
"measured","90","1090","nlohmann-2.0.0","rapidjson-1.9.5","13","Box-gltf;Box-glb;Avocado-gltf;Avocado-glb;MorphStressTest-glb;SpecularTest-glb;EmissiveStrengthTest-glb;SimpleInstancing-glb;XmpMetadataRoundedCube-glb;TextureTransformMultiTest-glb;IridescenceSuzanne-glb;SheenTestGrid-glb;MaterialsVariantsShoe-glb"
"measured","91","1091","rapidjson-1.9.5","nlohmann-2.0.0","13","Box-gltf;Box-glb;Avocado-gltf;Avocado-glb;MorphStressTest-glb;SpecularTest-glb;EmissiveStrengthTest-glb;SimpleInstancing-glb;XmpMetadataRoundedCube-glb;TextureTransformMultiTest-glb;IridescenceSuzanne-glb;SheenTestGrid-glb;MaterialsVariantsShoe-glb"
"measured","92","1092","nlohmann-2.0.0","rapidjson-1.9.5","13","Box-gltf;Box-glb;Avocado-gltf;Avocado-glb;MorphStressTest-glb;SpecularTest-glb;EmissiveStrengthTest-glb;SimpleInstancing-glb;XmpMetadataRoundedCube-glb;TextureTransformMultiTest-glb;IridescenceSuzanne-glb;SheenTestGrid-glb;MaterialsVariantsShoe-glb"
"measured","93","1093","rapidjson-1.9.5","nlohmann-2.0.0","13","Box-gltf;Box-glb;Avocado-gltf;Avocado-glb;MorphStressTest-glb;SpecularTest-glb;EmissiveStrengthTest-glb;SimpleInstancing-glb;XmpMetadataRoundedCube-glb;TextureTransformMultiTest-glb;IridescenceSuzanne-glb;SheenTestGrid-glb;MaterialsVariantsShoe-glb"
"measured","94","1094","nlohmann-2.0.0","rapidjson-1.9.5","13","Box-gltf;Box-glb;Avocado-gltf;Avocado-glb;MorphStressTest-glb;SpecularTest-glb;EmissiveStrengthTest-glb;SimpleInstancing-glb;XmpMetadataRoundedCube-glb;TextureTransformMultiTest-glb;IridescenceSuzanne-glb;SheenTestGrid-glb;MaterialsVariantsShoe-glb"
"measured","95","1095","rapidjson-1.9.5","nlohmann-2.0.0","13","Box-gltf;Box-glb;Avocado-gltf;Avocado-glb;MorphStressTest-glb;SpecularTest-glb;EmissiveStrengthTest-glb;SimpleInstancing-glb;XmpMetadataRoundedCube-glb;TextureTransformMultiTest-glb;IridescenceSuzanne-glb;SheenTestGrid-glb;MaterialsVariantsShoe-glb"
"measured","96","1096","nlohmann-2.0.0","rapidjson-1.9.5","13","Box-gltf;Box-glb;Avocado-gltf;Avocado-glb;MorphStressTest-glb;SpecularTest-glb;EmissiveStrengthTest-glb;SimpleInstancing-glb;XmpMetadataRoundedCube-glb;TextureTransformMultiTest-glb;IridescenceSuzanne-glb;SheenTestGrid-glb;MaterialsVariantsShoe-glb"
"measured","97","1097","rapidjson-1.9.5","nlohmann-2.0.0","13","Box-gltf;Box-glb;Avocado-gltf;Avocado-glb;MorphStressTest-glb;SpecularTest-glb;EmissiveStrengthTest-glb;SimpleInstancing-glb;XmpMetadataRoundedCube-glb;TextureTransformMultiTest-glb;IridescenceSuzanne-glb;SheenTestGrid-glb;MaterialsVariantsShoe-glb"
"measured","98","1098","nlohmann-2.0.0","rapidjson-1.9.5","13","Box-gltf;Box-glb;Avocado-gltf;Avocado-glb;MorphStressTest-glb;SpecularTest-glb;EmissiveStrengthTest-glb;SimpleInstancing-glb;XmpMetadataRoundedCube-glb;TextureTransformMultiTest-glb;IridescenceSuzanne-glb;SheenTestGrid-glb;MaterialsVariantsShoe-glb"
"measured","99","1099","rapidjson-1.9.5","nlohmann-2.0.0","13","Box-gltf;Box-glb;Avocado-gltf;Avocado-glb;MorphStressTest-glb;SpecularTest-glb;EmissiveStrengthTest-glb;SimpleInstancing-glb;XmpMetadataRoundedCube-glb;TextureTransformMultiTest-glb;IridescenceSuzanne-glb;SheenTestGrid-glb;MaterialsVariantsShoe-glb"
"measured","100","1100","nlohmann-2.0.0","rapidjson-1.9.5","13","Box-gltf;Box-glb;Avocado-gltf;Avocado-glb;MorphStressTest-glb;SpecularTest-glb;EmissiveStrengthTest-glb;SimpleInstancing-glb;XmpMetadataRoundedCube-glb;TextureTransformMultiTest-glb;IridescenceSuzanne-glb;SheenTestGrid-glb;MaterialsVariantsShoe-glb"
